"nomeempreendedor","niveldeemergencia"
"MINERACAO CARAIBA S/A","Sem emergência"
"NACIONAL DE GRAFITE LTDA","Sem emergência"
"MINERACAO USIMINAS S.A.","Sem emergência"
"Mineração Sanguinete Ltda","Sem emergência"
"Cooperativa de Extração de Carvão Mineral dos Trabalhadores de Criciúma","Sem emergência"
"GERDAU ACOMINAS S/A","Sem emergência"
"ARCELORMITTAL BRASIL S.A.","Emergência Nivel 1"
"MINERACAO CARAIBA S/A","Sem emergência"
"MINERACAO ONCA PUMA S.A.","Sem emergência"
"MOSAIC FERTILIZANTES P&K LTDA.","Emergência Nivel 1"
"MINERACAO JUNDU LTDA","Emergência Nivel 1"
"SALINAS GOLD MINERACAO LTDA","Emergência Nivel 1"
"COOPERATIVA DE MINERADORES E GARIMPEIROS DA REGIAO DE ARIPUANA - COOPEMIGA","Emergência Nivel 1"
"Ronny Morais Costa","Emergência Nivel 1"
"COOPERATIVA DE EXTRACAO MINERAL DE NOSSA SENHORA DO LIVRAMENTO","Emergência Nivel 1"
"ANGLOGOLD ASHANTI CORREGO DO SITIO MINERACAO S.A.","Emergência Nivel 1"
"VALE S.A.","Sem emergência"
"AMG BRASIL S.A.","Sem emergência"
"M B L MATERIAIS BASICOS LTDA","Sem emergência"
"INDUSTRIAS NUCLEARES DO BRASIL S.A - INB","Sem emergência"
"VALE S.A.","Sem emergência"
"VALE S.A.","Sem emergência"
"VALE S.A.","Sem emergência"
"VALE S.A.","Nível de Alerta"
"Davi Alves Bicalho","Sem emergência"
"VALE S.A.","Sem emergência"
"Davi Alves Bicalho","Sem emergência"
"VALE S.A.","Emergência Nivel 1"
"CAIO CESAR GIMENES RODRIGUES SILVA","Emergência Nivel 1"
"VALE S.A.","Emergência Nivel 1"
"Ronny Morais Costa","Emergência Nivel 1"
"HEUREKA MINERACAO LTDA","Emergência Nivel 1"
"EXTRATIVA MINERAL S/A","Sem emergência"
"EXTRATIVA MINERAL S/A","Emergência Nivel 2"
"CIMENTO TUPI S.A. EM RECUPERACAO JUDICIAL","Emergência Nivel 1"
"MINERACAO USIMINAS S.A.","Emergência Nivel 1"
"MINERACAO USIMINAS S.A.","Sem emergência"
"MINERACAO USIMINAS S.A.","Sem emergência"
"MINERACAO USIMINAS S.A.","Sem emergência"
"MINERACAO USIMINAS S.A.","Sem emergência"
"MINERACAO USIMINAS S.A.","Sem emergência"
"MINERACAO USIMINAS S.A.","Sem emergência"
"MINERACAO USIMINAS S.A.","Sem emergência"
"MINERACAO USIMINAS S.A.","Sem emergência"
"MINERACAO USIMINAS S.A.","Sem emergência"
"MINERACAO USIMINAS S.A.","Sem emergência"
"MINERACAO USIMINAS S.A.","Sem emergência"
"MINERACAO USIMINAS S.A.","Sem emergência"
"MINERACAO USIMINAS S.A.","Sem emergência"
"MINERACAO USIMINAS S.A.","Sem emergência"
"MINERACAO USIMINAS S.A.","Sem emergência"
"MINERACAO USIMINAS S.A.","Sem emergência"
"MINERACAO USIMINAS S.A.","Sem emergência"
"VALE S.A.","Sem emergência"
"VALE S.A.","Sem emergência"
"VALE S.A.","Sem emergência"
"VALE S.A.","Sem emergência"
"VALE S.A.","Nível de Alerta"
"VALE S.A.","Sem emergência"
"TECH ROCK MINERACAO LTDA","Nível de Alerta"
"VALE S.A.","Sem emergência"
"VALE S.A.","Sem emergência"
"VALE S.A.","Sem emergência"
"VALE S.A.","Sem emergência"
"MINERACAO SAO FRANCISCO DE ASSIS LTDA","Sem emergência"
"MINERACAO ONCA PUMA S.A.","Sem emergência"
"MINERACAO ONCA PUMA S.A.","Sem emergência"
"MINERACAO ONCA PUMA S.A.","Sem emergência"
"MINERACAO ONCA PUMA S.A.","Sem emergência"
"MINERACAO ONCA PUMA S.A.","Sem emergência"
"NOVELIS DO BRASIL LTDA.","Sem emergência"
"MOSAIC FERTILIZANTES P&K LTDA.","Sem emergência"
"CSN MINERACAO S.A.","Sem emergência"
"João Gimenes Rodrigues","Sem emergência"
"José Vicente Nunes Rondon","Sem emergência"
"MAGNESITA MINERACAO S.A.","Sem emergência"
"NORAIR NELSON DE SOUZA","Sem emergência"
"SIDNEI RAFAEL DE SOUZA","Sem emergência"
"MAGNESITA MINERACAO S.A.","Sem emergência"
"MAGNESITA MINERACAO S.A.","Sem emergência"
"MAGNESITA MINERACAO S.A.","Sem emergência"
"Marcir Norberto Weber","Emergência Nivel 2"
"MINERACAO CARAIBA S/A","Emergência Nivel 2"
"ANGLO AMERICAN MINERIO DE FERRO BRASIL S/A","Sem emergência"
"MINERACAO MATHEUS LEME LTDA","Sem emergência"
"MINERACAO MATHEUS LEME LTDA","Sem emergência"
"MINERACAO MATHEUS LEME LTDA","Emergência Nivel 2"
"MAGNESITA MINERACAO S.A.","Sem emergência"
"MAGNESITA MINERACAO S.A.","Sem emergência"
"MAGNESITA MINERACAO S.A.","Sem emergência"
"MAGNESITA MINERACAO S.A.","Sem emergência"
"MAGNESITA MINERACAO S.A.","Nível de Alerta"
"MAGNESITA MINERACAO S.A.","Sem emergência"
"ITAQUAREIA INDUSTRIA EXTRATIVA DE MINERIOS LTDA","Sem emergência"
"ITAQUAREIA INDUSTRIA EXTRATIVA DE MINERIOS LTDA","Sem emergência"
"COMPANHIA BAIANA DE PESQUISA MINERAL CBPM","Nível de Alerta"
"PEDREIRAS BAHIA LTDA","Sem emergência"
"Indústria Carbonífera Rio Deserto Ltda","Emergência Nivel 1"
"EXTRACAO E COMERCIO DE AREIA QUEVEDO & SILVA LTDA","Sem emergência"
"Pedreira Engebrita Ltda","Sem emergência"
"CADAM S.A.","Sem emergência"
"CADAM S.A.","Sem emergência"
"CADAM S.A.","Sem emergência"
"CADAM S.A.","Sem emergência"
"HERCULANO MINERACAO LTDA","Sem emergência"
"HERCULANO MINERACAO LTDA","Sem emergência"
"COOPERATIVA MINERADORA DOS GARIMPEIROS DE ARIQUEMES - COOMIGA","Sem emergência"
"COOPERATIVA MINERADORA DOS GARIMPEIROS DE ARIQUEMES - COOMIGA","Sem emergência"
"COOPERATIVA MINERADORA DOS GARIMPEIROS DE ARIQUEMES - COOMIGA","Sem emergência"
"COOPERATIVA MINERADORA DOS GARIMPEIROS DE ARIQUEMES - COOMIGA","Sem emergência"
"COOPERATIVA MINERADORA DOS GARIMPEIROS DE ARIQUEMES - COOMIGA","Sem emergência"
"COOPERATIVA MINERADORA DOS GARIMPEIROS DE ARIQUEMES - COOMIGA","Sem emergência"
"COOPERATIVA MINERADORA DOS GARIMPEIROS DE ARIQUEMES - COOMIGA","Emergência Nivel 1"
"COOPERATIVA MINERADORA DOS GARIMPEIROS DE ARIQUEMES - COOMIGA","Sem emergência"
"COOPERATIVA MINERADORA DOS GARIMPEIROS DE ARIQUEMES - COOMIGA","Sem emergência"
"MSM Mineração Serra da Moeda Ltda.","Sem emergência"
"MSM Mineração Serra da Moeda Ltda.","Sem emergência"
"MSM Mineração Serra da Moeda Ltda.","Sem emergência"
"MSM Mineração Serra da Moeda Ltda.","Sem emergência"
"MSM Mineração Serra da Moeda Ltda.","Sem emergência"
"MSM Mineração Serra da Moeda Ltda.","Sem emergência"
"MSM Mineração Serra da Moeda Ltda.","Sem emergência"
"MSM Mineração Serra da Moeda Ltda.","Sem emergência"
"MINERACAO TABOCA S A","Sem emergência"
"MINERACAO TABOCA S A","Sem emergência"
"MINERACAO TABOCA S A","Sem emergência"
"MINERACAO TABOCA S A","Sem emergência"
"MINERACAO TABOCA S A","Sem emergência"
"MINERACAO TABOCA S A","Sem emergência"
"MINERACAO TABOCA S A","Sem emergência"
"COMPANHIA MINERADORA DO PIROCLORO DE ARAXA","Sem emergência"
"EXTRACAO DE AREIA TABOAO LTDA","Sem emergência"
"EXTRACAO DE AREIA TABOAO LTDA","Sem emergência"
"MINERACAO GERAL DO BRASIL S/A","Sem emergência"
"CSN CIMENTOS BRASIL S.A. Filial: CSN CIMENTOS BRASIL S.A.","Emergência Nivel 1"
"MINERADORA PEDRIX LTDA","Sem emergência"
"ATLANTIC NICKEL MINERACAO LTDA","Sem emergência"
"XILOLITE S/A","Sem emergência"
"Mineração Pedra Menina Ltda","Sem emergência"
"Mineração Pedra Menina Ltda","Sem emergência"
"Mineração Pedra Menina Ltda","Sem emergência"
"CONCRESAND MINERACAO E TRANSPORTE LTDA","Sem emergência"
"MINERADORA PONTE ALTA LTDA","Sem emergência"
"MINERADORA PONTE ALTA LTDA","Emergência Nivel 2"
"Piteiras Mineração Ltda.","Sem emergência"
"MARCELO BOZETTI","Sem emergência"
"COMPANHIA BRASILEIRA DE BENTONITA LTDA","Sem emergência"
"MINERAIS & METAIS COMERCIO E INDUSTRIA LTDA Filial: MINERAIS & METAIS COMERCIO E INDUSTRIA LTDA","Sem emergência"
"EMPRESA DE MINERACAO ESPERANCA S A","Sem emergência"
"EMPRESA DE MINERACAO ESPERANCA S A","Sem emergência"
"EMPRESA DE MINERACAO ESPERANCA S A","Sem emergência"
"DISK-BASE EXT.DE AREIA E COM.DE MAT.P/CONST.LTDA","Sem emergência"
"Mineração Santa Luzia de Aguaí Ltda","Sem emergência"
"Mineração Santa Luzia de Aguaí Ltda","Sem emergência"
"Mineração Nova Petrópolis Ltda.","Sem emergência"
"MINERACOES GERAIS LTDA","Sem emergência"
"PLINIO ALMEIDA BOSON & CIA LTDA","Sem emergência"
"ROZEN MINERADORA, CONSULTORIA E ASSESSORIA EM GESTAO EMPRESARIAL LTDA","Sem emergência"
"ARCELORMITTAL BRASIL S.A.","Nível de Alerta"
"ARCELORMITTAL BRASIL S.A.","Sem emergência"
"Minerita Minérios Itaúna Ltda.","Sem emergência"
"Minerita Minérios Itaúna Ltda.","Sem emergência"
"Minerita Minérios Itaúna Ltda.","Sem emergência"
"Minerita Minérios Itaúna Ltda.","Sem emergência"
"Minerita Minérios Itaúna Ltda.","Sem emergência"
"Vantage Brasil Mineração Ltda.","Sem emergência"
"ANGELO CARLOS VICARI JUNIOR","Sem emergência"
"ANGELO CARLOS VICARI JUNIOR","Sem emergência"
"UILSON ROMANHA & CIA LTDA","Sem emergência"
"UILSON ROMANHA & CIA LTDA","Sem emergência"
"UILSON ROMANHA & CIA LTDA","Sem emergência"
"UILSON ROMANHA & CIA LTDA","Sem emergência"
"Marcelo Busnardo EPP","Sem emergência"
"SALINAS GOLD MINERACAO LTDA","Sem emergência"
"MINERACAO COMISA LTDA","Sem emergência"
"Mineração Vila Nova Ltda","Sem emergência"
"Mineração Vila Nova Ltda","Sem emergência"
"MONTE SINAI MINERACAO LTDA","Sem emergência"
"ORO AMAPA MINERACAO","Sem emergência"
"GERDAU ACOMINAS S/A","Sem emergência"
"GERDAU ACOMINAS S/A","Sem emergência"
"WHITE SOLDER METALURGIA E MINERACAO LTDA Filial: WHITE SOLDER METALURGIA E MINERACAO LTDA","Sem emergência"
"PEDREIRA SARGON LTDA","Sem emergência"
"NORTE SUL TERRAPLENAGEM E COMERCIO LTDA","Sem emergência"
"FARIAS & RODRIGUES LTDA","Sem emergência"
"ARCELORMITTAL BRASIL S.A.","Sem emergência"
"ARCELORMITTAL BRASIL S.A.","Sem emergência"
"ARCELORMITTAL BRASIL S.A.","Sem emergência"
"ARCELORMITTAL BRASIL S.A.","Sem emergência"
"ARCELORMITTAL BRASIL S.A.","Sem emergência"
"ARCELORMITTAL BRASIL S.A.","Sem emergência"
"PORTO COMERCIO DE AREIA LTDA","Sem emergência"
"MULLER & CIA LTDA","Sem emergência"
"MULLER & CIA LTDA","Sem emergência"
"EMPRESA DE MINERACAO, EXPORTACAO E PESQUISA DO AMAPA LTDA","Sem emergência"
"CIA DE FERRO LIGAS DA BAHIA FERBASA","Sem emergência"
"CIA DE FERRO LIGAS DA BAHIA FERBASA","Sem emergência"
"CIA DE FERRO LIGAS DA BAHIA FERBASA","Sem emergência"
"FERRO + MINERACAO S.A.","Sem emergência"
"SALOBO METAIS S/A","Sem emergência"
"SALOBO METAIS S/A","Sem emergência"
"SALOBO METAIS S/A","Sem emergência"
"SALOBO METAIS S/A","Sem emergência"
"SALOBO METAIS S/A","Sem emergência"
"SALOBO METAIS S/A","Sem emergência"
"MINERACAO JUNDU LTDA","Sem emergência"
"METALMIG MINERACAO INDUSTRIA E COMERCIO S/A","Sem emergência"
"BRASIL MINERIOS S/A","Sem emergência"
"EMPRESA MINERADORA BOA SORTE LTDA","Sem emergência"
"EXTRAÇÃO E COMÉRCIO DE AREIA BOFETE LTDA","Sem emergência"
"L PAVAN & CIA LTDA","Sem emergência"
"L PAVAN & CIA LTDA","Sem emergência"
"AGROPECUARIA SERRAMAR LTDA","Sem emergência"
"Empresa de Mineração Fiori do Taboão Ltda.","Sem emergência"
"MINERADORA AREIA NOVA LTDA","Sem emergência"
"MINERACAO CARAIBA S/A","Sem emergência"
"MINERACAO CARAIBA S/A","Sem emergência"
"CBE COMPANHIA BRASILEIRA DE EQUIPAMENTO Filial: CBE COMPANHIA BRASILEIRA DE EQUIPAMENTO - EM RECUPERACAO JUDICIAL","Sem emergência"
"DUTRA EXTRACAO DE AREIA LTDA","Sem emergência"
"Valdinei Mauro de Souza","Sem emergência"
"BRASIL MINERIOS S/A","Sem emergência"
"MINERACAO COMISA LTDA","Sem emergência"
"SAMARCO MINERACAO S.A. EM RECUPERACAO JUDICIAL","Nível de Alerta"
"SAMARCO MINERACAO S.A. EM RECUPERACAO JUDICIAL","Sem emergência"
"MINERACAO JUNDU LTDA","Sem emergência"
"Construtora Martins Lanna Ltda.","Emergência Nivel 1"
"Construtora Martins Lanna Ltda.","Emergência Nivel 1"
"CARBETO DE SILICIO SIKA BRASIL LTDA","Sem emergência"
"AVG EMPREENDIMENTOS MINERARIOS S.A.","Sem emergência"
"AVG EMPREENDIMENTOS MINERARIOS S.A.","Sem emergência"
"CARBETO DE SILICIO SIKA BRASIL LTDA","Sem emergência"
"CARBETO DE SILICIO SIKA BRASIL LTDA","Sem emergência"
"FERROMINAS - MINERAÇÃO LTDA","Sem emergência"
"FERROMINAS - MINERAÇÃO LTDA","Sem emergência"
"PEDREIRA UM VALEMIX LTDA","Sem emergência"
"Mib Mineração Ibirité Ltda","Sem emergência"
"Mib Mineração Ibirité Ltda","Sem emergência"
"MINERACAO MORRO DO IPE S.A.","Sem emergência"
"Alcoa World Alumina Brasil Ltda.","Sem emergência"
"VALE S.A.","Sem emergência"
"MINERACAO CARAIBA S/A","Sem emergência"
"MINERACAO CARAIBA S/A","Sem emergência"
"MINERACAO CARAIBA S/A","Sem emergência"
"MINERACAO CARAIBA S/A","Sem emergência"
"MINERACAO CARAIBA S/A","Sem emergência"
"MINERACAO CARAIBA S/A","Sem emergência"
"MINERACAO CARAIBA S/A","Sem emergência"
"MINERACAO CARAIBA S/A","Sem emergência"
"MINERACAO CARAIBA S/A","Sem emergência"
"MINERACAO CARAIBA S/A","Sem emergência"
"MINERACAO CARAIBA S/A","Sem emergência"
"MINERACAO CARAIBA S/A","Sem emergência"
"MINERACAO CARAIBA S/A","Sem emergência"
"MINERACAO CARAIBA S/A","Sem emergência"
"MINERACAO CARAIBA S/A","Sem emergência"
"MINERACAO CARAIBA S/A","Sem emergência"
"MINERACAO CARAIBA S/A","Sem emergência"
"MINERACAO CARAIBA S/A","Sem emergência"
"Roberto Eustáquio Silva Pedrosa","Sem emergência"
"Zamapá Mineração S.a.","Sem emergência"
"VETRIA MINERACAO S.A.","Sem emergência"
"PEDREIRA SARGON LTDA","Sem emergência"
"AVB MINERACAO LTDA.","Sem emergência"
"AVB MINERACAO LTDA.","Sem emergência"
"MOSAIC FERTILIZANTES P&K LTDA.","Sem emergência"
"MINERACAO DESCALVADO LIMITADA","Sem emergência"
"MOSAIC FERTILIZANTES P&K LTDA.","Sem emergência"
"MOSAIC FERTILIZANTES P&K LTDA.","Sem emergência"
"MOSAIC FERTILIZANTES P&K LTDA.","Sem emergência"
"SICAL INDUSTRIAL LTDA.","Sem emergência"
"VALE S.A.","Sem emergência"
"VALE S.A.","Sem emergência"
"VALE S.A.","Sem emergência"
"LHG MINING CORUMBA S.A","Sem emergência"
"NIKI MINERACAO, COMERCIO E EXPORTACAO LTDA.","Sem emergência"
"VALE S.A.","Sem emergência"
"ALAIN STEPHANE RIVIERE MINERACAO","Sem emergência"
"Geominas Minerações Ltda.","Sem emergência"
"Geominas Minerações Ltda.","Sem emergência"
"PEDREIRA IBIUNA LTDA","Sem emergência"
"LHG MINING CORUMBA S.A","Sem emergência"
"ADAO AFONSO RODUI","Emergência Nivel 1"
"A. C. ZARANELLA LTDA","Sem emergência"
"Valdinei Mauro de Souza","Sem emergência"
"MINERACAO POSITIVA LTDA EM","Sem emergência"
"MINERACAO POSITIVA LTDA EM","Sem emergência"
"MINERACAO SANTA LUZIA LIMITADA","Sem emergência"
"MINERACAO CARAIBA S/A","Sem emergência"
"MINERACAO CARAIBA S/A","Sem emergência"
"MINERACAO CARAIBA S/A","Sem emergência"
"SAINT-GOBAIN DO BRASIL PRODUTOS INDUSTRIAIS E PARA CONSTRUCAO LTDA","Sem emergência"
"SAINT-GOBAIN DO BRASIL PRODUTOS INDUSTRIAIS E PARA CONSTRUCAO LTDA","Sem emergência"
"MINERACAO CARAIBA S/A","Sem emergência"
"MINERACAO CARAIBA S/A","Sem emergência"
"MINERACAO CARAIBA S/A","Emergência Nivel 1"
"MINERACAO CARAIBA S/A","Sem emergência"
"MINERACAO CARAIBA S/A","Sem emergência"
"MINERACAO CARAIBA S/A","Sem emergência"
"MINERACAO CARAIBA S/A","Sem emergência"
"METALMIG MINERACAO INDUSTRIA E COMERCIO S/A","Sem emergência"
"METALMIG MINERACAO INDUSTRIA E COMERCIO S/A","Sem emergência"
"MINERACAO CARAIBA S/A","Sem emergência"
"MINERACOES GERAIS LTDA","Sem emergência"
"SIDNEI RAFAEL DE SOUZA","Sem emergência"
"MOSAIC FERTILIZANTES P&K LTDA.","Sem emergência"
"METALMIG MINERACAO INDUSTRIA E COMERCIO S/A","Sem emergência"
"METALMIG MINERACAO INDUSTRIA E COMERCIO S/A","Sem emergência"
"METALMIG MINERACAO INDUSTRIA E COMERCIO S/A","Sem emergência"
"METALMIG MINERACAO INDUSTRIA E COMERCIO S/A","Sem emergência"
"Manoel Rodrigues Gimenes","Sem emergência"
"MINERACAO CARAIBA S/A","Sem emergência"
"MINERACAO CARAIBA S/A","Sem emergência"
"MINERACAO CARAIBA S/A","Emergência Nivel 1"
"MINERACAO CARAIBA S/A","Sem emergência"
"MINERACAO CARAIBA S/A","Sem emergência"
"MINERACAO CARAIBA S/A","Sem emergência"
"MINERACAO CARAIBA S/A","Sem emergência"
"MINERACAO CARAIBA S/A","Sem emergência"
"MINERACAO JUNDU LTDA","Sem emergência"
"UILSON ROMANHA & CIA LTDA","Sem emergência"
"METALMIG MINERACAO INDUSTRIA E COMERCIO S/A","Emergência Nivel 1"
"SANTA FELICIDADE MINERACAO SPE LTDA","Sem emergência"
"SERGIO DA SILVA","Sem emergência"
"ANTONIO CAROLINO DE SOUZA","Sem emergência"
"ALTA FLORESTA GOLD MINERACAO LTDA","Sem emergência"
"CARBONIFERA SIDEROPOLIS LTDA","Sem emergência"
"PEDRO CERQUEIRA CALDAS","Sem emergência"
"ALTA FLORESTA GOLD MINERACAO LTDA","Sem emergência"
"YAN BITTENCOURT NASCIMENTO","Sem emergência"
"RIDALECIO DE SOUZA","Sem emergência"
"VALE S.A.","Sem emergência"
"VALE S.A.","Sem emergência"
"VALE S.A.","Sem emergência"
"VALE S.A.","Sem emergência"
"ALTA FLORESTA GOLD MINERACAO LTDA","Sem emergência"
"BRASE - BRASIL EXTRACAO, COMERCIO E INDUSTRIA DE ESTANHO EIRELI","Sem emergência"
"CELESTA MINERACAO S.A","Sem emergência"
"NORAIR NELSON DE SOUZA","Sem emergência"
"MINERACAO CARAIBA S/A","Sem emergência"
"MINERACAO CARAIBA S/A","Sem emergência"
"ITAMINAS COMERCIO DE MINERIOS SA","Sem emergência"
"COOPERATIVA DE PRODUTORES DE ESTANHO DO BRASIL COOPERTIN","Sem emergência"
"TORIO BRASIL MINERACAO LTDA","Sem emergência"
"COOPERATIVA DE PRODUTORES DE ESTANHO DO BRASIL COOPERTIN","Sem emergência"
"GDMBRASIL - GEOLOGIA E DESENVOLVIMENTO MINERAL LTDA","Sem emergência"
"GDMBRASIL - GEOLOGIA E DESENVOLVIMENTO MINERAL LTDA","Sem emergência"
"João Gabriel Guizzo","Sem emergência"
"COOPERATIVA DE EXTRACAO DE METAIS E PEDRAS PRECIOSAS DE PONTES E LACERDA-MT","Sem emergência"
"Robinson da Silva Bravo","Sem emergência"
"Joaquim Aderaldo de Souza Neto","Sem emergência"
"COOPERATIVA DE EXTRACAO MINERAL DE NOSSA SENHORA DO LIVRAMENTO","Sem emergência"
"COOPERATIVA DE EXTRACAO MINERAL DE NOSSA SENHORA DO LIVRAMENTO","Sem emergência"
"MSM Mineração Serra da Moeda Ltda.","Sem emergência"
"MSM Mineração Serra da Moeda Ltda.","Sem emergência"
"L V R COMERCIO E EXTRACAO MINERAL LTDA","Sem emergência"
"VALE GOLD S.A.","Sem emergência"
"MINERACAO CARAIBA S/A","Sem emergência"
"COOPERATIVA DE EXTRACAO MINERAL DE NOSSA SENHORA DO LIVRAMENTO","Sem emergência"
"FILADELFO DOS REIS DIAS","Sem emergência"
"M & J MINERACAO, PISCICULTURA E REFLORESTAMENTO - EIRELI","Emergência Nivel 1"
"Ricardo Padilla de Bordon Neves","Sem emergência"
"Marcus Vítor Nunes Lindote","Sem emergência"
"Bento Soares de Brito","Sem emergência"
"MINERACAO CARAIBA S/A","Sem emergência"
"MINERACAO CARAIBA S/A","Sem emergência"
"MINERACAO CARAIBA S/A","Sem emergência"
"MINERACAO CARAIBA S/A","Sem emergência"
"Cooperativa de Mineração dos Garimpeiros do Lourenço Ltda","Sem emergência"
"PARA ALTA FLORESTA GOLD MINERACAO LTDA","Sem emergência"
"COOPERATIVA DOS GARIMPEIROS DO VALE DO VILA NOVA","Sem emergência"
"COOPERATIVA DOS GARIMPEIROS DO VALE DO VILA NOVA","Sem emergência"
"COOPERATIVA DOS GARIMPEIROS DO VALE DO VILA NOVA","Sem emergência"
"COOPERATIVA DOS GARIMPEIROS DO VALE DO VILA NOVA","Sem emergência"
"RIVER GOLD MINERACAO LTDA","Sem emergência"
"Alcoa World Alumina Brasil Ltda.","Sem emergência"
"MINERACAO TANQUE BELO LTDA","Sem emergência"
"DIEGO MACEDO CARDOSO","Sem emergência"
"CLAUDIO HENRIQUE TEODORO DE ALMEIDA","Sem emergência"
"COOPROBAND - COOPERATIVA DE PRODUTORES MINERAIS DE NOVA BANDEIRANTES","Sem emergência"
"ALEX HENRIQUE CRUZ","Sem emergência"
"MINAR MINERACAO AREDES LTDA","Sem emergência"
"MARCOS JOSE MARTINS FERNANDES","Sem emergência"
"Diego Sérgio de oliveira Almeida","Sem emergência"
"COOPROBAND - COOPERATIVA DE PRODUTORES MINERAIS DE NOVA BANDEIRANTES","Sem emergência"
"MINERACAO FL JOTAS LTDA","Sem emergência"
"MINERACAO FL JOTAS LTDA","Sem emergência"
"Empresa de Mineração e Artefatos de Cimento Jbs Ltda Epp","Sem emergência"
"EXTRACAO E COMERCIO DE AREIA QUEVEDO & SILVA LTDA","Sem emergência"
"MINERADORA AREIA NOVA LTDA","Sem emergência"
"SERABI MINERACAO S.A.","Sem emergência"
"JEFFERSON LUIZ DE ARRUDA E SILVA","Sem emergência"
"FILADELFO DOS REIS DIAS","Sem emergência"
"Valdinei Mauro de Souza","Sem emergência"
"william monteiro lipinisky","Sem emergência"
"CELESTA MINERACAO S.A","Sem emergência"
"MORRO DOURADO LTDA","Sem emergência"
"MINERACAO USIMINAS S.A.","Sem emergência"
"CLAUDIO HENRIQUE TEODORO DE ALMEIDA","Nível de Alerta"
"MAGNESITA MINERACAO S.A.","Sem emergência"
"MAGNESITA MINERACAO S.A.","Emergência Nivel 1"
"MAGNESITA MINERACAO S.A.","Sem emergência"
"MAGNESITA MINERACAO S.A.","Emergência Nivel 3"
"MINERACAO ONCA PUMA S.A.","Sem emergência"
"COOPERATIVA DE EXTRACAO MINERAL DE NOSSA SENHORA DO LIVRAMENTO","Sem emergência"
"VALGNO DE MATOS TINOCO","Sem emergência"
"Cleomenes Santos Silva","Sem emergência"
"VALDEMIR CARLOS DE SOUZA","Sem emergência"
"FRANCISCO XAVIER DA SILVA","Sem emergência"
"FILADELFO DOS REIS DIAS","Sem emergência"
"Rodrigo Moraes Fiacadori","Sem emergência"
"COOPERATIVA DE EXTRACAO MINERAL DE NOSSA SENHORA DO LIVRAMENTO","Sem emergência"
"CATARINO PEDROSO DE BARROS","Sem emergência"
"SAMACA FERROS LTDA","Sem emergência"
"COOPERATIVA DE EXTRACAO MINERAL DE MATO GROSSO","Sem emergência"
"COOPERATIVA DE EXTRACAO MINERAL DE MATO GROSSO","Nível de Alerta"
"DELIA GODOY RAZUK","Sem emergência"
"EUROMAQUINAS MINERACAO LTDA","Sem emergência"
"MINERACAO ABDALA LTDA","Sem emergência"
"SERRINHA GOLDMINE LTDA","Sem emergência"
"ITAMINAS COMERCIO DE MINERIOS SA","Sem emergência"
"EVALDO TESCHIMA LEITE","Sem emergência"
"SAFM MINERACAO LTDA","Sem emergência"
"ANGLOGOLD ASHANTI CORREGO DO SITIO MINERACAO S.A.","Sem emergência"
"MINERACAO ONCA PUMA S.A.","Sem emergência"
"NORMA ARGES OLIVA","Sem emergência"
"MINERBRAS MINERACAO LTDA","Sem emergência"
"AVG EMPREENDIMENTOS MINERARIOS S.A.","Sem emergência"
"MINERACAO JUNDU LTDA","Sem emergência"
"HELLEN ELIZABETH CORREA MARTINS","Sem emergência"
"CENTRO OESTE GOLD MINE S.A.","Sem emergência"
"MINERACAO ONCA PUMA S.A.","Sem emergência"
"MINERACAO RIO DO NORTE SA","Sem emergência"
"MINERACAO RIO DO NORTE SA","Sem emergência"
"MINERACAO RIO DO NORTE SA","Sem emergência"
"GF GOLD MINERACAO EIRELI","Sem emergência"
"INDUSTRIAS NUCLEARES DO BRASIL S.A - INB","Sem emergência"
"INDUSTRIAS NUCLEARES DO BRASIL S.A - INB","Emergência Nivel 1"
"MOSAIC FERTILIZANTES P&K LTDA.","Sem emergência"
"MOSAIC FERTILIZANTES P&K LTDA.","Sem emergência"
"DOMUS AUREA MINERACAO LTDA","Sem emergência"
"VALE S.A.","Sem emergência"
"UNAMGEN MINERACAO E METALURGIA SA","Nível de Alerta"
"COOPERATIVA DE MINERACAO DOS GARIMPEIROS DE PONTES E LACERDA - COMPEL","Sem emergência"
"COOPERATIVA DE MINERACAO DOS GARIMPEIROS DE PONTES E LACERDA - COMPEL","Sem emergência"
"J F Rost Martins","Sem emergência"
"NORMA ARGES OLIVA","Sem emergência"
"SIDNEI RAFAEL DE SOUZA","Sem emergência"
"PORTO DE AREIA BRANCA LTDA","Sem emergência"
"Fellipe Gabriel Firmino Bravo","Sem emergência"
"COMPANHIA RIOGRANDENSE DE MINERACAO CRM","Sem emergência"
"EXTRACAO DE MINERIO BEARIZ LTDA","Sem emergência"
"GF GOLD MINERACAO EIRELI","Sem emergência"
"Maxcimiliano Mendes Nascimento","Sem emergência"
"PEDREIRA SARGON LTDA","Sem emergência"
"NACIONAL DE GRAFITE LTDA","Sem emergência"
"YURI MACEDO OLIVEIRA","Sem emergência"
"PILAR DE GOIAS DESENVOLVIMENTO MINERAL LTDA","Sem emergência"
"Sandro de França","Sem emergência"
"FRANCISCO XAVIER DA SILVA","Sem emergência"
"COOPERATIVA DE EXTRACAO MINERAL DE MATO GROSSO","Sem emergência"
"AVG EMPREENDIMENTOS MINERARIOS S.A.","Sem emergência"
"aparecido francisco da silva","Sem emergência"
"VETRIA MINERACAO S.A.","Nível de Alerta"
"MINERACAO DO VALE LTDA","Sem emergência"
"PM1 MINERACAO LTDA","Sem emergência"
"EMBU S A ENGENHARIA E COMERCIO","Sem emergência"
"EMICON MINERACAO E TERRAPLENAGEM LIMITADA","Sem emergência"
"EMICON MINERACAO E TERRAPLENAGEM LIMITADA","Sem emergência"
"EMICON MINERACAO E TERRAPLENAGEM LIMITADA","Sem emergência"
"EMICON MINERACAO E TERRAPLENAGEM LIMITADA","Sem emergência"
"DISK-BASE EXT.DE AREIA E COM.DE MAT.P/CONST.LTDA","Sem emergência"
"DISK-BASE EXT.DE AREIA E COM.DE MAT.P/CONST.LTDA","Sem emergência"
"INDUSTRIA E COMERCIO DE MINERIOS S/A - ICOMI","Sem emergência"
"INDUSTRIA E COMERCIO DE MINERIOS S/A - ICOMI","Sem emergência"
"INDUSTRIA E COMERCIO DE MINERIOS S/A - ICOMI","Sem emergência"
"INDUSTRIA E COMERCIO DE MINERIOS S/A - ICOMI","Sem emergência"
"INDUSTRIA E COMERCIO DE MINERIOS S/A - ICOMI","Sem emergência"
"INDUSTRIA E COMERCIO DE MINERIOS S/A - ICOMI","Sem emergência"
"RUBENS GIMENEZ RODRIGUES","Emergência Nivel 1"
"MAX JOEL RUSSI","Sem emergência"
"MINERACAO SANTA CRUZ LTDA","Sem emergência"
"COOPERATIVA MISTA DOS GARIMPEIROS DE PEIXOTO DE AZEVEDO","Nível de Alerta"
"Victor Augusto de Arruda Gimenez","Sem emergência"
"O MINERIO PARTICIPACOES LTDA","Sem emergência"
"T. N. MINERACOES LTDA","Sem emergência"
"EMPRESA DE MINERACAO HORII LTDA","Sem emergência"
"COMPANHIA MINERADORA DO PIROCLORO DE ARAXA","Sem emergência"
"MINERACAO GERAL DO BRASIL S/A","Sem emergência"
"MINERACAO GERAL DO BRASIL S/A","Sem emergência"
"MINERACAO DARCY R.O. E SILVA LTDA","Sem emergência"
"MINERACAO DARCY R.O. E SILVA LTDA","Sem emergência"
"VALE S.A.","Sem emergência"
"BAUMINAS MINERACAO LTDA","Sem emergência"
"ANGLO AMERICAN MINERIO DE FERRO BRASIL S/A","Sem emergência"
"BAUMINAS MINERACAO LTDA","Sem emergência"
"ANGLO AMERICAN MINERIO DE FERRO BRASIL S/A","Sem emergência"
"ANGLO AMERICAN MINERIO DE FERRO BRASIL S/A","Sem emergência"
"ANGLO AMERICAN MINERIO DE FERRO BRASIL S/A","Sem emergência"
"ANGLO AMERICAN MINERIO DE FERRO BRASIL S/A","Sem emergência"
"ANGLO AMERICAN MINERIO DE FERRO BRASIL S/A","Sem emergência"
"CMOC BRASIL MINERACAO, INDUSTRIA E PARTICIPACOES LTDA.","Sem emergência"
"CMOC BRASIL MINERACAO, INDUSTRIA E PARTICIPACOES LTDA.","Sem emergência"
"CMOC BRASIL MINERACAO, INDUSTRIA E PARTICIPACOES LTDA.","Sem emergência"
"CMOC BRASIL MINERACAO, INDUSTRIA E PARTICIPACOES LTDA.","Sem emergência"
"CMOC BRASIL MINERACAO, INDUSTRIA E PARTICIPACOES LTDA.","Sem emergência"
"MINERACAO TABOCA S A","Sem emergência"
"MINERACAO TABOCA S A","Sem emergência"
"MINERACAO TABOCA S A","Sem emergência"
"MINERACAO TABOCA S A","Nível de Alerta"
"MINERACAO TABOCA S A","Emergência Nivel 1"
"MINERACAO TABOCA S A","Sem emergência"
"MINERACAO TABOCA S A","Emergência Nivel 1"
"MINERACAO TABOCA S A","Sem emergência"
"MINERACAO RIACHO DOS MACHADOS LTDA.","Sem emergência"
"Alcoa World Alumina Brasil Ltda.","Emergência Nivel 1"
"Alcoa World Alumina Brasil Ltda.","Sem emergência"
"Alcoa World Alumina Brasil Ltda.","Sem emergência"
"Alcoa World Alumina Brasil Ltda.","Sem emergência"
"Alcoa World Alumina Brasil Ltda.","Sem emergência"
"Alcoa World Alumina Brasil Ltda.","Sem emergência"
"Alcoa World Alumina Brasil Ltda.","Sem emergência"
"HERCULANO MINERACAO LTDA","Sem emergência"
"MINERACAO CARAIBA S/A","Sem emergência"
"Minerita Minérios Itaúna Ltda.","Sem emergência"
"Minerita Minérios Itaúna Ltda.","Nível de Alerta"
"MINERACAO TABIPORA LTDA","Sem emergência"
"SALOBO METAIS S/A","Sem emergência"
"SALOBO METAIS S/A","Emergência Nivel 1"
"SALOBO METAIS S/A","Sem emergência"
"SALOBO METAIS S/A","Sem emergência"
"SALOBO METAIS S/A","Sem emergência"
"M B L MATERIAIS BASICOS LTDA","Sem emergência"
"EXTRACAO DE MINERIO BEARIZ LTDA","Sem emergência"
"INDUSTRIAS NUCLEARES DO BRASIL S.A - INB","Sem emergência"
"INDUSTRIAS NUCLEARES DO BRASIL S.A - INB","Sem emergência"
"CSN CIMENTOS S.A.","Sem emergência"
"CSN CIMENTOS S.A.","Sem emergência"
"ARCELORMITTAL BRASIL S.A.","Sem emergência"
"EMBU S A ENGENHARIA E COMERCIO","Sem emergência"
"EMBU S A ENGENHARIA E COMERCIO","Sem emergência"
"SANTA LUZ DESENVOLVIMENTO MINERAL LTDA","Sem emergência"
"SANTA LUZ DESENVOLVIMENTO MINERAL LTDA","Sem emergência"
"MINERACAO AURIZONA S/A","Sem emergência"
"MINERACAO AURIZONA S/A","Sem emergência"
"FAZENDA BRASILEIRO DESENVOLVIMENTO MINERAL LTDA","Sem emergência"
"FAZENDA BRASILEIRO DESENVOLVIMENTO MINERAL LTDA","Sem emergência"
"FAZENDA BRASILEIRO DESENVOLVIMENTO MINERAL LTDA","Sem emergência"
"SERABI MINERACAO S.A.","Sem emergência"
"SERABI MINERACAO S.A.","Sem emergência"
"GERDAU ACOMINAS S/A","Sem emergência"
"SALITRE FERTILIZANTES LTDA.","Sem emergência"
"VALE S.A.","Sem emergência"
"VALE S.A.","Sem emergência"
"VALE S.A.","Sem emergência"
"VALE S.A.","Sem emergência"
"VALE S.A.","Sem emergência"
"VALE S.A.","Sem emergência"
"VALE S.A.","Sem emergência"
"VALE S.A.","Sem emergência"
"VALE S.A.","Sem emergência"
"AURA ALMAS MINERACAO S/A","Sem emergência"
"Valdinei Mauro de Souza","Sem emergência"
"SALINAS GOLD MINERACAO LTDA","Sem emergência"
"SALINAS GOLD MINERACAO LTDA","Sem emergência"
"SALINAS GOLD MINERACAO LTDA","Sem emergência"
"VALE S.A.","Sem emergência"
"VALE S.A.","Sem emergência"
"PATOS DE MINAS FOSFATADOS LTDA","Sem emergência"
"VALE S.A.","Sem emergência"
"VALE S.A.","Sem emergência"
"VALE S.A.","Sem emergência"
"VALE S.A.","Sem emergência"
"VALE S.A.","Sem emergência"
"SALOBO METAIS S/A","Sem emergência"
"ALAIN STEPHANE RIVIERE MINERACAO","Sem emergência"
"VETRIA MINERACAO S.A.","Sem emergência"
"ALAIN STEPHANE RIVIERE MINERACAO","Sem emergência"
"VETRIA MINERACAO S.A.","Sem emergência"
"EVANDRO DE SOUZA","Sem emergência"
"A R WEBER","Sem emergência"
"GONCALO PEDROSO DE BARROS","Sem emergência"
"JONAS GIMENEZ RODRIGUES","Sem emergência"
"Roberto Nunes Rondon","Sem emergência"
"SIDNEI RAFAEL DE SOUZA","Sem emergência"
"MINERACAO USIMINAS S.A.","Sem emergência"
"MAX JOEL RUSSI","Sem emergência"
"MINERACAO USIMINAS S.A.","Sem emergência"
"R G R FILHO MINERACAO","Sem emergência"
"VALE S.A.","Sem emergência"
"VALE S.A.","Sem emergência"
"RENALDO RUDI SCHORK","Sem emergência"
"VALE S.A.","Sem emergência"
"VALE S.A.","Sem emergência"
"VALE S.A.","Sem emergência"
"VALE S.A.","Sem emergência"
"VALE S.A.","Sem emergência"
"VALE S.A.","Sem emergência"
"ROSEMEIRE BENEDETTI ALVES","Sem emergência"
"ROSEMEIRE BENEDETTI ALVES","Sem emergência"
"VALE S.A.","Sem emergência"
"VALE S.A.","Sem emergência"
"VALE S.A.","Sem emergência"
"Valdinei Mauro de Souza","Sem emergência"
"Valdinei Mauro de Souza","Sem emergência"
"VALE S.A.","Sem emergência"
"Valdinei Mauro de Souza","Sem emergência"
"VALE S.A.","Sem emergência"
"Valdinei Mauro de Souza","Sem emergência"
"Valdinei Mauro de Souza","Sem emergência"
"VALE S.A.","Sem emergência"
"Valdinei Mauro de Souza","Sem emergência"
"JACOBINA MINERACAO E COMERCIO LTDA","Sem emergência"
"JACOBINA MINERACAO E COMERCIO LTDA","Sem emergência"
"VALE S.A.","Emergência Nivel 1"
"VALE S.A.","Sem emergência"
"VALE S.A.","Sem emergência"
"VALE S.A.","Sem emergência"
"VALE S.A.","Sem emergência"
"VALE S.A.","Sem emergência"
"VALE S.A.","Nível de Alerta"
"Valdinei Mauro de Souza","Sem emergência"
"VALE S.A.","Sem emergência"
"VALE S.A.","Sem emergência"
"VALE S.A.","Sem emergência"
"VALE S.A.","Sem emergência"
"VALE S.A.","Nível de Alerta"
"VALE S.A.","Emergência Nivel 1"
"VALE S.A.","Nível de Alerta"
"VALE S.A.","Sem emergência"
"VALE S.A.","Sem emergência"
"VALE S.A.","Sem emergência"
"Topazio Imperial Mineração Comercio e Industria Ltda","Sem emergência"
"VALE S.A.","Sem emergência"
"VALE S.A.","Sem emergência"
"VALE S.A.","Sem emergência"
"VALE S.A.","Sem emergência"
"MARCELO BOZETTI","Sem emergência"
"MINERACAO MARACA INDUSTRIA E COMERCIO S/A","Sem emergência"
"SANDER LIMA DE FRANCA","Sem emergência"
"FREDERICO AUGUSTO DE ARRUDA GIMENEZ MINERACAO","Nível de Alerta"
"VALE S.A.","Sem emergência"
"VALE S.A.","Sem emergência"
"VALE S.A.","Sem emergência"
"VALE S.A.","Sem emergência"
"VALE S.A.","Sem emergência"
"VALE S.A.","Sem emergência"
"VALE S.A.","Sem emergência"
"ELISA MACIEL SANTOS RIVA","Sem emergência"
"M. M. GOLD MINERACAO LTDA","Sem emergência"
"M. M. GOLD MINERACAO LTDA","Sem emergência"
"M. M. GOLD MINERACAO LTDA","Sem emergência"
"AVB MINERACAO LTDA.","Sem emergência"
"VALE S.A.","Sem emergência"
"VALE S.A.","Sem emergência"
"VALE S.A.","Sem emergência"
"SAMARCO MINERACAO S.A. EM RECUPERACAO JUDICIAL","Sem emergência"
"SAMARCO MINERACAO S.A. EM RECUPERACAO JUDICIAL","Sem emergência"
"SAMARCO MINERACAO S.A. EM RECUPERACAO JUDICIAL","Sem emergência"
"SAMARCO MINERACAO S.A. EM RECUPERACAO JUDICIAL","Sem emergência"
"SAMARCO MINERACAO S.A. EM RECUPERACAO JUDICIAL","Sem emergência"
"SAMARCO MINERACAO S.A. EM RECUPERACAO JUDICIAL","Sem emergência"
"CASA DE PEDRA LTDA","Sem emergência"
"Marcio Nascimento","Sem emergência"
"SAMARCO MINERACAO S.A. EM RECUPERACAO JUDICIAL","Sem emergência"
"VM MINERACAO LTDA","Sem emergência"
"VM MINERACAO LTDA","Sem emergência"
"GRANHA LIGAS LTDA","Sem emergência"
"PROMETALICA MINERACAO LTDA","Sem emergência"
"ATLANTIC NICKEL MINERACAO LTDA","Emergência Nivel 1"
"Euler Oliveira Coelho","Sem emergência"
"MINERACAO APOENA S.A.","Sem emergência"
"MINERACAO APOENA S.A.","Sem emergência"
"MINERACAO APOENA S.A.","Sem emergência"
"MINERACAO APOENA S.A.","Sem emergência"
"SAMARCO MINERACAO S.A. EM RECUPERACAO JUDICIAL","Sem emergência"
"SAMARCO MINERACAO S.A. EM RECUPERACAO JUDICIAL","Sem emergência"
"CASCAR BRASIL MINERACAO LTDA","Sem emergência"
"CIA DE FERRO LIGAS DA BAHIA FERBASA","Sem emergência"
"CIA DE FERRO LIGAS DA BAHIA FERBASA","Sem emergência"
"VALE S.A.","Sem emergência"
"VALE S.A.","Sem emergência"
"VALE S.A.","Sem emergência"
"VALE S.A.","Sem emergência"
"VALE S.A.","Sem emergência"
"CARBONIFERA METROPOLITANA S/A","Sem emergência"
"VALE S.A.","Sem emergência"
"CARBONIFERA METROPOLITANA S/A","Sem emergência"
"VALE S.A.","Sem emergência"
"CARBONIFERA METROPOLITANA S/A","Sem emergência"
"VALE S.A.","Sem emergência"
"CARBONIFERA METROPOLITANA S/A","Sem emergência"
"VALE S.A.","Sem emergência"
"VALE S.A.","Sem emergência"
"VALE S.A.","Sem emergência"
"VALE S.A.","Sem emergência"
"VERMELHAO MINERACAO INDUSTRIA E COMERCIO LTDA","Emergência Nivel 1"
"VALE S.A.","Sem emergência"
"VALE S.A.","Sem emergência"
"Geocal Mineração Ltda","Sem emergência"
"MOSAIC FERTILIZANTES P&K LTDA.","Sem emergência"
"MOSAIC FERTILIZANTES P&K LTDA.","Sem emergência"
"MOSAIC FERTILIZANTES P&K LTDA.","Sem emergência"
"MOSAIC FERTILIZANTES P&K LTDA.","Sem emergência"
"MOSAIC FERTILIZANTES P&K LTDA.","Sem emergência"
"COMPANHIA BRASILEIRA DE ALUMINIO","Sem emergência"
"COMPANHIA BRASILEIRA DE ALUMINIO","Sem emergência"
"Carbonífera Belluno Ltda.","Emergência Nivel 1"
"Carbonífera Belluno Ltda.","Sem emergência"
"MINERACAO SERRAS DO OESTE LIMITADA","Sem emergência"
"MINERACAO SERRAS DO OESTE LIMITADA","Sem emergência"
"Carbonífera Belluno Ltda.","Emergência Nivel 1"
"MOSAIC FERTILIZANTES P&K LTDA.","Sem emergência"
"MINERACAO NOSSA SENHORA DO CARMO LTDA","Sem emergência"
"MOSAIC FERTILIZANTES P&K LTDA.","Sem emergência"
"MINERACAO NOSSA SENHORA DO CARMO LTDA","Sem emergência"
"MOSAIC FERTILIZANTES P&K LTDA.","Sem emergência"
"MOSAIC FERTILIZANTES P&K LTDA.","Sem emergência"
"MOSAIC FERTILIZANTES P&K LTDA.","Sem emergência"
"MOSAIC FERTILIZANTES P&K LTDA.","Sem emergência"
"MOSAIC FERTILIZANTES P&K LTDA.","Sem emergência"
"MOSAIC FERTILIZANTES P&K LTDA.","Sem emergência"
"MOSAIC FERTILIZANTES P&K LTDA.","Emergência Nivel 1"
"MOSAIC FERTILIZANTES P&K LTDA.","Sem emergência"
"MOSAIC FERTILIZANTES P&K LTDA.","Sem emergência"
"MOSAIC FERTILIZANTES P&K LTDA.","Sem emergência"
"MOSAIC FERTILIZANTES P&K LTDA.","Sem emergência"
"MOSAIC FERTILIZANTES P&K LTDA.","Sem emergência"
"MOSAIC FERTILIZANTES P&K LTDA.","Sem emergência"
"MOSAIC FERTILIZANTES P&K LTDA.","Sem emergência"
"VALLOUREC TUBOS DO BRASIL LTDA.","Emergência Nivel 1"
"VALLOUREC TUBOS DO BRASIL LTDA.","Sem emergência"
"VALLOUREC TUBOS DO BRASIL LTDA.","Sem emergência"
"JOAO ROBERTO CARDOSO","Sem emergência"
"ITAMINAS COMERCIO DE MINERIOS SA","Sem emergência"
"LHG MINING CORUMBA S.A","Sem emergência"
"MINERACAO VALE VERDE DO BRASIL LTDA.","Sem emergência"
"KINROSS BRASIL MINERACAO S/A","Sem emergência"
"KINROSS BRASIL MINERACAO S/A","Sem emergência"
"KINROSS BRASIL MINERACAO S/A","Nível de Alerta"
"KINROSS BRASIL MINERACAO S/A","Sem emergência"
"KINROSS BRASIL MINERACAO S/A","Sem emergência"
"KINROSS BRASIL MINERACAO S/A","Sem emergência"
"SANTA FELICIDADE MINERACAO SPE LTDA","Sem emergência"
"VALE S.A.","Emergência Nivel 1"
"SANTA FELICIDADE MINERACAO SPE LTDA","Sem emergência"
"VALE S.A.","Sem emergência"
"SANTA FELICIDADE MINERACAO SPE LTDA","Sem emergência"
"VALE S.A.","Sem emergência"
"SANTA FELICIDADE MINERACAO SPE LTDA","Emergência Nivel 1"
"VALE S.A.","Sem emergência"
"Pollyana Moreira Dias","Sem emergência"
"ARTEMYN RIO CAPIM CAULIM LTDA.","Sem emergência"
"ARTEMYN RIO CAPIM CAULIM LTDA.","Sem emergência"
"ARTEMYN RIO CAPIM CAULIM LTDA.","Sem emergência"
"ARTEMYN RIO CAPIM CAULIM LTDA.","Sem emergência"
"ARTEMYN RIO CAPIM CAULIM LTDA.","Sem emergência"
"ARTEMYN RIO CAPIM CAULIM LTDA.","Sem emergência"
"ARTEMYN RIO CAPIM CAULIM LTDA.","Sem emergência"
"ARTEMYN RIO CAPIM CAULIM LTDA.","Sem emergência"
"ARTEMYN RIO CAPIM CAULIM LTDA.","Sem emergência"
"ARTEMYN RIO CAPIM CAULIM LTDA.","Sem emergência"
"PARA PIGMENTOS S A","Sem emergência"
"PARA PIGMENTOS S A","Sem emergência"
"PARA PIGMENTOS S A","Emergência Nivel 1"
"JOSE MARIA OTAVIO MARTINS DUARTE","Sem emergência"
"JOSE MARIA OTAVIO MARTINS DUARTE","Sem emergência"
"JOSE MARIA OTAVIO MARTINS DUARTE","Sem emergência"
"NAGELLA CHRISSIE BRAVO SERRA","Sem emergência"
"Humberto Covezzi","Emergência Nivel 2"
"Joaquim Aderaldo de Souza Neto","Sem emergência"
"BRAZAURO RECURSOS MINERAIS S.A.","Sem emergência"
"BRAZAURO RECURSOS MINERAIS S.A.","Sem emergência"
"VALDEMIR CARLOS DE SOUZA","Sem emergência"
"GERDAU ACOMINAS S/A","Emergência Nivel 2"
"ANGLOGOLD ASHANTI CORREGO DO SITIO MINERACAO S.A.","Sem emergência"
"GERDAU ACOMINAS S/A","Sem emergência"
"MINERACAO RIO DO NORTE SA","Sem emergência"
"MINERACAO RIO DO NORTE SA","Emergência Nivel 1"
"MINERACAO RIO DO NORTE SA","Sem emergência"
"MINERACAO RIO DO NORTE SA","Sem emergência"
"MINERACAO RIO DO NORTE SA","Sem emergência"
"MINERACAO RIO DO NORTE SA","Emergência Nivel 1"
"MINERACAO RIO DO NORTE SA","Sem emergência"
"MINERACAO RIO DO NORTE SA","Sem emergência"
"MINERACAO RIO DO NORTE SA","Sem emergência"
"MINERACAO RIO DO NORTE SA","Sem emergência"
"MINERACAO RIO DO NORTE SA","Emergência Nivel 1"
"MINERACAO RIO DO NORTE SA","Emergência Nivel 1"
"MINERACAO RIO DO NORTE SA","Emergência Nivel 1"
"MINERACAO RIO DO NORTE SA","Sem emergência"
"MINERACAO RIO DO NORTE SA","Sem emergência"
"MINERACAO RIO DO NORTE SA","Sem emergência"
"MINERACAO RIO DO NORTE SA","Sem emergência"
"MINERACAO RIO DO NORTE SA","Sem emergência"
"MINERACAO RIO DO NORTE SA","Sem emergência"
"MINERACAO RIO DO NORTE SA","Sem emergência"
"MINERACAO RIO DO NORTE SA","Sem emergência"
"MINERACAO RIO DO NORTE SA","Sem emergência"
"MINERACAO RIO DO NORTE SA","Sem emergência"
"MINERACAO RIO DO NORTE SA","Sem emergência"
"MINERACAO RIO DO NORTE SA","Sem emergência"
"MINERACAO RIO DO NORTE SA","Sem emergência"
"MINERACAO RIO DO NORTE SA","Sem emergência"
"MINERACAO RIO DO NORTE SA","Sem emergência"
"MINERACAO RIO DO NORTE SA","Sem emergência"
"MINERAÇÃO OURO BRANCO SALTO DE PIRAPORA LTDA ME","Sem emergência"
"NACIONAL DE GRAFITE LTDA","Sem emergência"
"NACIONAL DE GRAFITE LTDA","Sem emergência"
"NACIONAL DE GRAFITE LTDA","Sem emergência"
"NACIONAL DE GRAFITE LTDA","Sem emergência"
"Conterpa, Conservação e Terraplagem e Pavimentação Ltda","Sem emergência"
"NEXA RECURSOS MINERAIS S.A.","Sem emergência"
"NEXA RECURSOS MINERAIS S.A.","Sem emergência"
"FERRO + MINERACAO S.A.","Sem emergência"
"NEXA RECURSOS MINERAIS S.A.","Sem emergência"
"HELLEN ELIZABETH CORREA MARTINS","Sem emergência"
"MINERACAO BOM RETIRO LTDA","Sem emergência"
"PEDREIRA IBIUNA LTDA","Sem emergência"
"MINERACAO SERRAS DO OESTE LIMITADA","Sem emergência"
"HEUREKA MINERACAO LTDA","Sem emergência"
"HEUREKA MINERACAO LTDA","Sem emergência"
"MINERADORA AREIA NOVA LTDA","Sem emergência"
"MINERADORA PONTE ALTA LTDA","Sem emergência"
"PEDREIRA SARGON LTDA","Sem emergência"
"MINERIOS NACIONAL S.A.","Sem emergência"
"MINERIOS NACIONAL S.A.","Sem emergência"
"MINERIOS NACIONAL S.A.","Sem emergência"
"ESTANHO DE RONDONIA S/A","Sem emergência"
"ESTANHO DE RONDONIA S/A","Sem emergência"
"ESTANHO DE RONDONIA S/A","Sem emergência"
"ESTANHO DE RONDONIA S/A","Sem emergência"
"AGIS MINERACAO LTDA.","Sem emergência"
"CADAM S.A.","Sem emergência"
"CADAM S.A.","Sem emergência"
"AMAPA MINERALS LTDA","Sem emergência"
"AMAPA MINERALS LTDA","Sem emergência"
"AMAPA MINERALS LTDA","Sem emergência"
"Jeová Barbosa de Morais","Sem emergência"
"MINERACAO SERRA GRANDE S A","Sem emergência"
"Jeová Barbosa de Morais","Sem emergência"
"ANGLOGOLD ASHANTI CORREGO DO SITIO MINERACAO S.A.","Sem emergência"
"ANGLOGOLD ASHANTI CORREGO DO SITIO MINERACAO S.A.","Sem emergência"
"ANGLOGOLD ASHANTI CORREGO DO SITIO MINERACAO S.A.","Sem emergência"
"ANGLOGOLD ASHANTI CORREGO DO SITIO MINERACAO S.A.","Sem emergência"
"ANGLOGOLD ASHANTI CORREGO DO SITIO MINERACAO S.A.","Sem emergência"
"SERGIO DA SILVA","Sem emergência"
"Brasmic Mineração Areia e Brita Ltda","Sem emergência"
"Copelmi Mineração Ltda","Nível de Alerta"
"Copelmi Mineração Ltda","Emergência Nivel 1"
"CSN MINERACAO S.A.","Emergência Nivel 1"
"CSN MINERACAO S.A.","Emergência Nivel 1"
"CSN MINERACAO S.A.","Emergência Nivel 1"
"MINERBRAS MINERACAO LTDA","Emergência Nivel 1"
"NX GOLD S.A. Filial: NX GOLD S.A.","Emergência Nivel 1"
"NX GOLD S.A. Filial: NX GOLD S.A.","Sem emergência"
"NX GOLD S.A. Filial: NX GOLD S.A.","Emergência Nivel 1"
"CSN MINERACAO S.A.","Sem emergência"
"COOPERMETAL - COOPERATIVA METALURGICA DE RONDONIA","Sem emergência"
"COOPERMETAL - COOPERATIVA METALURGICA DE RONDONIA","Sem emergência"
"GABRIELLA MINERACAO LTDA","Sem emergência"
"COOPERATIVA DOS GARIMPEIROS DE SANTA CRUZ - COOPERSANTA","Sem emergência"
"DEV MINERACAO S.A. - EM RECUPERACAO JUDICIAL","Sem emergência"
"EUROMAQUINAS MINERACAO LTDA","Sem emergência"
"INDUSTRIAS NUCLEARES DO BRASIL S.A - INB","Sem emergência"
"INDUSTRIAS NUCLEARES DO BRASIL S.A - INB","Sem emergência"
"INDUSTRIAS NUCLEARES DO BRASIL S.A - INB","Sem emergência"
"INDUSTRIAS NUCLEARES DO BRASIL S.A - INB","Sem emergência"
"LARGO VANADIO DE MARACAS S.A","Sem emergência"
"GINEZ GIMENES NETO","Sem emergência"
"GINEZ GIMENES NETO","Sem emergência"
"LARGO VANADIO DE MARACAS S.A","Sem emergência"
"LARGO VANADIO DE MARACAS S.A","Sem emergência"
"LARGO VANADIO DE MARACAS S.A","Sem emergência"
"COOPERATIVA DOS GARIMPEIROS DE SANTA CRUZ - COOPERSANTA","Sem emergência"
"COOPERATIVA DOS GARIMPEIROS DE SANTA CRUZ - COOPERSANTA","Sem emergência"
"COOPERATIVA DE MINERACAO DOS GARIMPEIROS DE PONTES E LACERDA - COMPEL","Sem emergência"
"COOPERATIVA DE MINERACAO DOS GARIMPEIROS DE PONTES E LACERDA - COMPEL","Sem emergência"
"COOPERATIVA DE MINERACAO DOS GARIMPEIROS DE PONTES E LACERDA - COMPEL","Sem emergência"
"MINERACAO PARAGOMINAS S.A. Filial: MINERACAO PARAGOMINAS S.A.","Sem emergência"
"COOPERATIVA DE MINERACAO DOS GARIMPEIROS DE PONTES E LACERDA - COMPEL","Sem emergência"
"MINERACAO PARAGOMINAS S.A. Filial: MINERACAO PARAGOMINAS S.A.","Sem emergência"
"MINERACAO PARAGOMINAS S.A. Filial: MINERACAO PARAGOMINAS S.A.","Sem emergência"
"MINERACAO PARAGOMINAS S.A.","Emergência Nivel 1"
"ADRIANO JOSE DE MOURA SOUSA","Sem emergência"
"ITAFOS ARRAIAS MINERACAO E FERTILIZANTES S.A.","Sem emergência"
"CIMENTO TUPI S.A. EM RECUPERACAO JUDICIAL","Sem emergência"
"CSN MINERACAO S.A.","Sem emergência"
"COOPERATIVA DE MINERACAO DOS GARIMPEIROS DE PONTES E LACERDA - COMPEL","Sem emergência"
"MINERACAO ABDALA LTDA","Sem emergência"
"MINERACAO ABDALA LTDA","Sem emergência"
"YARA BRASIL FERTILIZANTES S/A Filial: YARA BRASIL FERTILIZANTES S/A","Sem emergência"
"SAMACA FERROS LTDA","Sem emergência"
"SAMACA FERROS LTDA","Sem emergência"
"Extrativa Metalurgia S A","Sem emergência"
"SAMACA FERROS LTDA","Sem emergência"
"SAMACA FERROS LTDA","Sem emergência"
"COOPERATIVA DOS GARIMPEIROS DE SANTA CRUZ - COOPERSANTA","Sem emergência"
"MORRO AGUDO MINERAIS LTDA","Sem emergência"
"MORRO AGUDO MINERAIS LTDA","Sem emergência"
"MORRO AGUDO MINERAIS LTDA","Sem emergência"
"CARBONIFERA SIDEROPOLIS LTDA","Emergência Nivel 1"
"T B K - MINERACAO LIMITADA","Emergência Nivel 1"
"BURITIRAMA MINERACAO S.A. FALIDO","Emergência Nivel 1"
"BURITIRAMA MINERACAO S.A. FALIDO","Emergência Nivel 1"
"BURITIRAMA MINERACAO S.A. FALIDO","Emergência Nivel 1"
"MINERACAO MORRO DO IPE S.A.","Emergência Nivel 1"
"MINERACAO MORRO DO IPE S.A.","Sem emergência"
"MINERACAO MORRO DO IPE S.A.","Sem emergência"
"COMPANHIA BRASILEIRA DO COBRE","Emergência Nivel 1"
"Geominas Minerações Ltda.","Sem emergência"
"FREDERICO AUGUSTO ROSA DO CARMO","Sem emergência"
"PATOS DE MINAS FOSFATADOS LTDA","Sem emergência"
"PATOS DE MINAS FOSFATADOS LTDA","Sem emergência"
"GREEN METALS NOVA ERA SOLUCOES AMBIENTAIS S.A","Sem emergência"
"BRAZAURO RECURSOS MINERAIS S.A.","Sem emergência"
"INDUSTRIAS NUCLEARES DO BRASIL S.A - INB","Sem emergência"
"HUMBERTO AFFONSO DEL NERY","Sem emergência"
