"idempreendedor","nomeempreendedor","cpf_cnpj","unidadegestor"
1,"EXTRATIVA MINERAL S/A","17174900000000",NULL
2,"EXTRATIVA MINERAL S/A","17174900000000",NULL
3,"CIMENTO TUPI S.A. EM RECUPERACAO JUDICIAL","33039200000000","CORBL"
4,"MINERACAO USIMINAS S.A.","12056600000000","CORBO"
5,"MINERACAO USIMINAS S.A.","12056600000000","CORBO"
6,"MINERACAO USIMINAS S.A.","12056600000000","CORBO"
7,"MINERACAO USIMINAS S.A.","12056600000000","CORBO"
8,"MINERACAO USIMINAS S.A.","12056600000000",NULL
9,"MINERACAO USIMINAS S.A.","12056600000000","CORBO"
10,"MINERACAO USIMINAS S.A.","12056600000000","CORBO"
11,"MINERACAO USIMINAS S.A.","12056600000000","CORBO"
12,"MINERACAO USIMINAS S.A.","12056600000000","CORBO"
13,"MINERACAO USIMINAS S.A.","12056600000000","CORBO"
14,"MINERACAO USIMINAS S.A.","12056600000000","CORBO"
15,"MINERACAO USIMINAS S.A.","12056600000000",NULL
16,"MINERACAO USIMINAS S.A.","12056600000000","CORBO"
17,"MINERACAO USIMINAS S.A.","12056600000000","CORBO"
18,"MINERACAO USIMINAS S.A.","12056600000000","CORBO"
19,"MINERACAO USIMINAS S.A.","12056600000000","CORBO"
20,"MINERACAO USIMINAS S.A.","12056600000000","CORBO"
21,"MINERACAO USIMINAS S.A.","12056600000000","CORBO"
22,"MINERACAO USIMINAS S.A.","12056600000000","CORBO"
23,"VALE S.A.","33592500000000","CORBL"
24,"VALE S.A.","33592500000000","CORBL"
25,"VALE S.A.","33592500000000","CORBL"
26,"VALE S.A.","33592500000000","CORBL"
27,"VALE S.A.","33592500000000","CORBL"
28,"VALE S.A.","33592500000000","CORBL"
29,"TECH ROCK MINERACAO LTDA","62579800000000",NULL
30,"VALE S.A.","33592500000000","CORBN"
31,"VALE S.A.","33592500000000","CORBN"
32,"VALE S.A.","33592500000000","CORBN"
33,"VALE S.A.","33592500000000","CORBN"
34,"MINERACAO SAO FRANCISCO DE ASSIS LTDA","42324000000000","CORBN"
35,"MINERACAO ONCA PUMA S.A.","48256800000000","CORBN"
36,"MINERACAO ONCA PUMA S.A.","48256800000000","CORBN"
37,"MINERACAO ONCA PUMA S.A.","48256800000000","CORBN"
38,"MINERACAO ONCA PUMA S.A.","48256800000000","CORBN"
39,"MINERACAO ONCA PUMA S.A.","48256800000000","CORBN"
40,"NOVELIS DO BRASIL LTDA.","60561800000000","CORBL"
41,"MOSAIC FERTILIZANTES P&K LTDA.","33931500000000","CORBN"
42,"CSN MINERACAO S.A.","8902290000000","CORBL"
43,"João Gimenes Rodrigues","***510957***","CORBS"
44,"José Vicente Nunes Rondon","***006492***","CORBS"
45,"MAGNESITA MINERACAO S.A.","592603000000",NULL
46,"NORAIR NELSON DE SOUZA","***522859***","CORBS"
47,"SIDNEI RAFAEL DE SOUZA","***096118***","CORBS"
48,"MAGNESITA MINERACAO S.A.","592603000000",NULL
49,"MAGNESITA MINERACAO S.A.","592603000000",NULL
50,"MAGNESITA MINERACAO S.A.","592603000000",NULL
51,"Marcir Norberto Weber","15947600000000",NULL
52,"MINERACAO CARAIBA S/A","42509300000000","CORBN"
53,"ANGLO AMERICAN MINERIO DE FERRO BRASIL S/A","2359570000000","CORBS"
54,"MINERACAO MATHEUS LEME LTDA","60510200000000","CORBO"
55,"MINERACAO MATHEUS LEME LTDA","60510200000000","CORBO"
56,"MINERACAO MATHEUS LEME LTDA","60510200000000","CORBO"
57,"MAGNESITA MINERACAO S.A.","592603000000",NULL
58,"MAGNESITA MINERACAO S.A.","592603000000",NULL
59,"MAGNESITA MINERACAO S.A.","592603000000",NULL
60,"MAGNESITA MINERACAO S.A.","592603000000",NULL
61,"MAGNESITA MINERACAO S.A.","592603000000",NULL
62,"MAGNESITA MINERACAO S.A.","592603000000",NULL
63,"ITAQUAREIA INDUSTRIA EXTRATIVA DE MINERIOS LTDA","55023400000000","CORBS"
64,"ITAQUAREIA INDUSTRIA EXTRATIVA DE MINERIOS LTDA","55023400000000","CORBS"
65,"COMPANHIA BAIANA DE PESQUISA MINERAL CBPM","13554900000000",NULL
66,"PEDREIRAS BAHIA LTDA","34089400000000","CORBN"
67,"Indústria Carbonífera Rio Deserto Ltda","83286500000000","CORBS"
68,"EXTRACAO E COMERCIO DE AREIA QUEVEDO & SILVA LTDA","2745440000000","CORBS"
69,"Pedreira Engebrita Ltda","61728800000000","CORBS"
70,"CADAM S.A.","4788980000000","CORBN"
71,"CADAM S.A.","4788980000000","CORBN"
72,"CADAM S.A.","4788980000000","CORBN"
73,"CADAM S.A.","4788980000000","CORBN"
74,"HERCULANO MINERACAO LTDA","41785800000000","CORBL"
75,"HERCULANO MINERACAO LTDA","41785800000000","CORBL"
76,"COOPERATIVA MINERADORA DOS GARIMPEIROS DE ARIQUEMES - COOMIGA","22825500000000","CORBN"
77,"COOPERATIVA MINERADORA DOS GARIMPEIROS DE ARIQUEMES - COOMIGA","22825500000000","CORBN"
78,"COOPERATIVA MINERADORA DOS GARIMPEIROS DE ARIQUEMES - COOMIGA","22825500000000","CORBN"
79,"COOPERATIVA MINERADORA DOS GARIMPEIROS DE ARIQUEMES - COOMIGA","22825500000000","CORBN"
80,"COOPERATIVA MINERADORA DOS GARIMPEIROS DE ARIQUEMES - COOMIGA","22825500000000","CORBN"
81,"COOPERATIVA MINERADORA DOS GARIMPEIROS DE ARIQUEMES - COOMIGA","22825500000000",NULL
82,"COOPERATIVA MINERADORA DOS GARIMPEIROS DE ARIQUEMES - COOMIGA","22825500000000","CORBN"
83,"COOPERATIVA MINERADORA DOS GARIMPEIROS DE ARIQUEMES - COOMIGA","22825500000000","CORBN"
84,"COOPERATIVA MINERADORA DOS GARIMPEIROS DE ARIQUEMES - COOMIGA","22825500000000","CORBN"
85,"MSM Mineração Serra da Moeda Ltda.","21705300000000",NULL
86,"MSM Mineração Serra da Moeda Ltda.","21705300000000",NULL
87,"MSM Mineração Serra da Moeda Ltda.","21705300000000",NULL
88,"MSM Mineração Serra da Moeda Ltda.","21705300000000",NULL
89,"MSM Mineração Serra da Moeda Ltda.","21705300000000",NULL
90,"MSM Mineração Serra da Moeda Ltda.","21705300000000",NULL
91,"MSM Mineração Serra da Moeda Ltda.","21705300000000",NULL
92,"MSM Mineração Serra da Moeda Ltda.","21705300000000",NULL
93,"MINERACAO TABOCA S A","34020000000000","CORBN"
94,"MINERACAO TABOCA S A","34020000000000","CORBN"
95,"MINERACAO TABOCA S A","34020000000000","CORBN"
96,"MINERACAO TABOCA S A","34020000000000","CORBN"
97,"MINERACAO TABOCA S A","34020000000000","CORBN"
98,"MINERACAO TABOCA S A","34020000000000","CORBN"
99,"MINERACAO TABOCA S A","34020000000000","CORBN"
100,"COMPANHIA MINERADORA DO PIROCLORO DE ARAXA","17806800000000","CORBO"
101,"EXTRACAO DE AREIA TABOAO LTDA","59724500000000","CORBS"
102,"EXTRACAO DE AREIA TABOAO LTDA","59724500000000","CORBS"
103,"MINERACAO GERAL DO BRASIL S/A","60727100000000","CORBO"
104,"CSN CIMENTOS BRASIL S.A. Filial: CSN CIMENTOS BRASIL S.A.","60869300000000","CORBO"
105,"MINERADORA PEDRIX LTDA","1290100000000","CORBS"
106,"ATLANTIC NICKEL MINERACAO LTDA","74127000000000","CORBN"
107,"XILOLITE S/A","62477100000000",NULL
108,"Mineração Pedra Menina Ltda","5059910000000",NULL
109,"Mineração Pedra Menina Ltda","5059910000000",NULL
110,"Mineração Pedra Menina Ltda","5059910000000",NULL
111,"CONCRESAND MINERACAO E TRANSPORTE LTDA","3833920000000","CORBS"
112,"MINERADORA PONTE ALTA LTDA","478237000000",NULL
113,"MINERADORA PONTE ALTA LTDA","478237000000",NULL
114,"Piteiras Mineração Ltda.","3369500000000","CORBL"
115,"MARCELO BOZETTI","***943625***","CORBS"
116,"COMPANHIA BRASILEIRA DE BENTONITA LTDA","4885980000000","CORBN"
117,"MINERAIS & METAIS COMERCIO E INDUSTRIA LTDA Filial: MINERAIS & METAIS COMERCIO E INDUSTRIA LTDA","2587630000000",NULL
118,"EMPRESA DE MINERACAO ESPERANCA S A","33301000000000","CORBO"
119,"EMPRESA DE MINERACAO ESPERANCA S A","33301000000000","CORBO"
120,"EMPRESA DE MINERACAO ESPERANCA S A","33301000000000","CORBO"
121,"DISK-BASE EXT.DE AREIA E COM.DE MAT.P/CONST.LTDA","62136200000000","CORBS"
122,"Mineração Santa Luzia de Aguaí Ltda","3716260000000","CORBS"
123,"Mineração Santa Luzia de Aguaí Ltda","3716260000000","CORBS"
124,"Mineração Nova Petrópolis Ltda.","16785100000000","CORBS"
125,"MINERACOES GERAIS LTDA","2196840000000",NULL
126,"PLINIO ALMEIDA BOSON & CIA LTDA","11714800000000","CORBN"
127,"ROZEN MINERADORA, CONSULTORIA E ASSESSORIA EM GESTAO EMPRESARIAL LTDA","10857700000000",NULL
128,"ARCELORMITTAL BRASIL S.A.","17469700000000",NULL
129,"ARCELORMITTAL BRASIL S.A.","17469700000000","CORBO"
130,"Minerita Minérios Itaúna Ltda.","16813500000000",NULL
131,"Minerita Minérios Itaúna Ltda.","16813500000000",NULL
132,"Minerita Minérios Itaúna Ltda.","16813500000000",NULL
133,"Minerita Minérios Itaúna Ltda.","16813500000000",NULL
134,"Minerita Minérios Itaúna Ltda.","16813500000000","CORBO"
135,"Vantage Brasil Mineração Ltda.","8222730000000",NULL
136,"ANGELO CARLOS VICARI JUNIOR","***923895***",NULL
137,"ANGELO CARLOS VICARI JUNIOR","***923895***",NULL
138,"UILSON ROMANHA & CIA LTDA","934199000000","CORBS"
139,"UILSON ROMANHA & CIA LTDA","934199000000","CORBS"
140,"UILSON ROMANHA & CIA LTDA","934199000000","CORBS"
141,"UILSON ROMANHA & CIA LTDA","934199000000","CORBS"
142,"Mineração Sanguinete Ltda","20762000000000","CORBL"
143,"Marcelo Busnardo EPP","27391000000000",NULL
144,"SALINAS GOLD MINERACAO LTDA","3212960000000",NULL
145,"Cooperativa de Extração de Carvão Mineral dos Trabalhadores de Criciúma","80967500000000","CORBS"
146,"MINERACAO COMISA LTDA","3405420000000",NULL
147,"Mineração Vila Nova Ltda","2008460000000",NULL
148,"Mineração Vila Nova Ltda","2008460000000",NULL
149,"MONTE SINAI MINERACAO LTDA","60095000139",NULL
150,"ORO AMAPA MINERACAO","6170250000000",NULL
151,"GERDAU ACOMINAS S/A","17227400000000","CORBL"
152,"GERDAU ACOMINAS S/A","17227400000000","CORBL"
153,"GERDAU ACOMINAS S/A","17227400000000","CORBL"
154,"WHITE SOLDER METALURGIA E MINERACAO LTDA Filial: WHITE SOLDER METALURGIA E MINERACAO LTDA","4107120000000",NULL
155,"PEDREIRA SARGON LTDA","60101300000000","CORBS"
156,"NORTE SUL TERRAPLENAGEM E COMERCIO LTDA","17133900000000","CORBN"
157,"FARIAS & RODRIGUES LTDA","11239500000000","CORBN"
158,"ARCELORMITTAL BRASIL S.A.","17469700000000","CORBL"
159,"ARCELORMITTAL BRASIL S.A.","17469700000000","CORBL"
160,"ARCELORMITTAL BRASIL S.A.","17469700000000","CORBL"
161,"ARCELORMITTAL BRASIL S.A.","17469700000000","CORBL"
162,"ARCELORMITTAL BRASIL S.A.","17469700000000",NULL
163,"ARCELORMITTAL BRASIL S.A.","17469700000000",NULL
164,"ARCELORMITTAL BRASIL S.A.","17469700000000",NULL
165,"PORTO COMERCIO DE AREIA LTDA","8491920000000","CORBN"
166,"MULLER & CIA LTDA","4800250000000","CORBN"
167,"MULLER & CIA LTDA","4800250000000","CORBN"
168,"EMPRESA DE MINERACAO, EXPORTACAO E PESQUISA DO AMAPA LTDA","14572100000000",NULL
169,"CIA DE FERRO LIGAS DA BAHIA FERBASA","15141800000000",NULL
170,"CIA DE FERRO LIGAS DA BAHIA FERBASA","15141800000000",NULL
171,"CIA DE FERRO LIGAS DA BAHIA FERBASA","15141800000000",NULL
172,"FERRO + MINERACAO S.A.","21256900000000","CORBL"
173,"SALOBO METAIS S/A","33931500000000","CORBN"
174,"SALOBO METAIS S/A","33931500000000","CORBN"
175,"SALOBO METAIS S/A","33931500000000","CORBN"
176,"SALOBO METAIS S/A","33931500000000","CORBN"
177,"SALOBO METAIS S/A","33931500000000","CORBN"
178,"SALOBO METAIS S/A","33931500000000","CORBN"
179,"MINERACAO JUNDU LTDA","60628500000000","CORBS"
180,"METALMIG MINERACAO INDUSTRIA E COMERCIO S/A","34456000000000",NULL
181,"BRASIL MINERIOS S/A","2683370000000",NULL
182,"EMPRESA MINERADORA BOA SORTE LTDA","45599000000000","CORBS"
183,"EXTRAÇÃO E COMÉRCIO DE AREIA BOFETE LTDA","69018900000000","CORBS"
184,"L PAVAN & CIA LTDA","44140100000000","CORBS"
185,"L PAVAN & CIA LTDA","44140100000000","CORBS"
186,"AGROPECUARIA SERRAMAR LTDA","52300500000000",NULL
187,"Empresa de Mineração Fiori do Taboão Ltda.","265541000000","CORBS"
188,"MINERADORA AREIA NOVA LTDA","2286820000000","CORBS"
189,"MINERACAO CARAIBA S/A","42509300000000",NULL
190,"MINERACAO CARAIBA S/A","42509300000000",NULL
191,"CBE COMPANHIA BRASILEIRA DE EQUIPAMENTO Filial: CBE COMPANHIA BRASILEIRA DE EQUIPAMENTO - EM RECUPERACAO JUDICIAL","27184900000000","CORBN"
192,"DUTRA EXTRACAO DE AREIA LTDA","48098700000000","CORBS"
193,"Valdinei Mauro de Souza","***568360***",NULL
194,"BRASIL MINERIOS S/A","2683370000000","CORBS"
195,"MINERACAO COMISA LTDA","3405420000000",NULL
196,"SAMARCO MINERACAO S.A. EM RECUPERACAO JUDICIAL","16628300000000","CORBL"
197,"SAMARCO MINERACAO S.A. EM RECUPERACAO JUDICIAL","16628300000000","CORBL"
198,"MINERACAO JUNDU LTDA","60628500000000","CORBS"
199,"Construtora Martins Lanna Ltda.","19974500000000","CORBO"
200,"Construtora Martins Lanna Ltda.","19974500000000","CORBO"
201,"CARBETO DE SILICIO SIKA BRASIL LTDA","32870700000000","CORBO"
202,"AVG EMPREENDIMENTOS MINERARIOS S.A.","16565900000000","CORBL"
203,"AVG EMPREENDIMENTOS MINERARIOS S.A.","16565900000000","CORBL"
204,"CARBETO DE SILICIO SIKA BRASIL LTDA","32870700000000","CORBO"
205,"CARBETO DE SILICIO SIKA BRASIL LTDA","32870700000000","CORBO"
206,"FERROMINAS - MINERAÇÃO LTDA","8814720000000","CORBO"
207,"FERROMINAS - MINERAÇÃO LTDA","8814720000000","CORBO"
208,"PEDREIRA UM VALEMIX LTDA","41716500000000","CORBL"
209,"Mib Mineração Ibirité Ltda","8578980000000","CORBO"
210,"Mib Mineração Ibirité Ltda","8578980000000","CORBO"
211,"MINERACAO MORRO DO IPE S.A.","22902600000000","CORBO"
212,"Alcoa World Alumina Brasil Ltda.","6167730000000",NULL
213,"VALE S.A.","33592500000000","CORBN"
214,"MINERACAO CARAIBA S/A","42509300000000",NULL
215,"MINERACAO CARAIBA S/A","42509300000000",NULL
216,"MINERACAO CARAIBA S/A","42509300000000",NULL
217,"MINERACAO CARAIBA S/A","42509300000000",NULL
218,"MINERACAO CARAIBA S/A","42509300000000",NULL
219,"MINERACAO CARAIBA S/A","42509300000000",NULL
220,"MINERACAO CARAIBA S/A","42509300000000",NULL
221,"MINERACAO CARAIBA S/A","42509300000000",NULL
222,"MINERACAO CARAIBA S/A","42509300000000",NULL
223,"MINERACAO CARAIBA S/A","42509300000000",NULL
224,"MINERACAO CARAIBA S/A","42509300000000",NULL
225,"MINERACAO CARAIBA S/A","42509300000000",NULL
226,"MINERACAO CARAIBA S/A","42509300000000",NULL
227,"MINERACAO CARAIBA S/A","42509300000000",NULL
228,"MINERACAO CARAIBA S/A","42509300000000",NULL
229,"MINERACAO CARAIBA S/A","42509300000000",NULL
230,"MINERACAO CARAIBA S/A","42509300000000",NULL
231,"MINERACAO CARAIBA S/A","42509300000000",NULL
232,"MINERACAO CARAIBA S/A","42509300000000",NULL
233,"Roberto Eustáquio Silva Pedrosa","546997000000",NULL
234,"Zamapá Mineração S.a.","5857560000000",NULL
235,"VETRIA MINERACAO S.A.","10228300000000",NULL
236,"PEDREIRA SARGON LTDA","60101300000000","CORBS"
237,"AVB MINERACAO LTDA.","7605560000000","CORBN"
238,"AVB MINERACAO LTDA.","7605560000000","CORBN"
239,"MOSAIC FERTILIZANTES P&K LTDA.","33931500000000","CORBO"
240,"MINERACAO ONCA PUMA S.A.","48256800000000","CORBN"
241,"MINERACAO DESCALVADO LIMITADA","54114500000000",NULL
242,"MOSAIC FERTILIZANTES P&K LTDA.","33931500000000","CORBS"
243,"MOSAIC FERTILIZANTES P&K LTDA.","33931500000000","CORBS"
244,"MOSAIC FERTILIZANTES P&K LTDA.","33931500000000","CORBS"
245,"SICAL INDUSTRIAL LTDA.","19416600000000","CORBO"
246,"VALE S.A.","33592500000000","CORBL"
247,"VALE S.A.","33592500000000","CORBL"
248,"VALE S.A.","33592500000000","CORBL"
249,"LHG MINING CORUMBA S.A","3327990000000",NULL
250,"NIKI MINERACAO, COMERCIO E EXPORTACAO LTDA.","8667140000000","CORBL"
251,"VALE S.A.","33592500000000","CORBL"
252,"MOSAIC FERTILIZANTES P&K LTDA.","33931500000000","CORBO"
253,"ALAIN STEPHANE RIVIERE MINERACAO","15264400000000",NULL
254,"Geominas Minerações Ltda.","11979700000000","CORBN"
255,"Geominas Minerações Ltda.","11979700000000","CORBN"
256,"PEDREIRA IBIUNA LTDA","68870400000000",NULL
257,"LHG MINING CORUMBA S.A","3327990000000",NULL
258,"ADAO AFONSO RODUI","***469372***",NULL
259,"A. C. ZARANELLA LTDA","53501600000000","CORBS"
260,"Valdinei Mauro de Souza","***568360***","CORBS"
261,"MINERACAO POSITIVA LTDA EM","16800200000000","CORBL"
262,"MINERACAO POSITIVA LTDA EM","16800200000000","CORBL"
263,"MINERACAO SANTA LUZIA LIMITADA","19791600000000","CORBN"
264,"MINERACAO CARAIBA S/A","42509300000000",NULL
265,"MINERACAO CARAIBA S/A","42509300000000",NULL
266,"MINERACAO CARAIBA S/A","42509300000000",NULL
267,"SAINT-GOBAIN DO BRASIL PRODUTOS INDUSTRIAIS E PARA CONSTRUCAO LTDA","61064800000000",NULL
268,"SAINT-GOBAIN DO BRASIL PRODUTOS INDUSTRIAIS E PARA CONSTRUCAO LTDA","61064800000000",NULL
269,"MINERACAO CARAIBA S/A","42509300000000",NULL
270,"MINERACAO CARAIBA S/A","42509300000000",NULL
271,"MINERACAO CARAIBA S/A","42509300000000",NULL
272,"MINERACAO CARAIBA S/A","42509300000000",NULL
273,"MINERACAO CARAIBA S/A","42509300000000",NULL
274,"MINERACAO CARAIBA S/A","42509300000000",NULL
275,"MINERACAO CARAIBA S/A","42509300000000",NULL
276,"METALMIG MINERACAO INDUSTRIA E COMERCIO S/A","34456000000000",NULL
277,"METALMIG MINERACAO INDUSTRIA E COMERCIO S/A","34456000000000",NULL
278,"MINERACAO CARAIBA S/A","42509300000000",NULL
279,"MINERACOES GERAIS LTDA","2196840000000",NULL
280,"SIDNEI RAFAEL DE SOUZA","***096118***","CORBS"
281,"MOSAIC FERTILIZANTES P&K LTDA.","33931500000000","CORBO"
282,"METALMIG MINERACAO INDUSTRIA E COMERCIO S/A","34456000000000",NULL
283,"METALMIG MINERACAO INDUSTRIA E COMERCIO S/A","34456000000000",NULL
284,"METALMIG MINERACAO INDUSTRIA E COMERCIO S/A","34456000000000",NULL
285,"METALMIG MINERACAO INDUSTRIA E COMERCIO S/A","34456000000000","CORBN"
286,"Manoel Rodrigues Gimenes","***157070***",NULL
287,"MINERACAO CARAIBA S/A","42509300000000",NULL
288,"MINERACAO CARAIBA S/A","42509300000000",NULL
289,"MINERACAO CARAIBA S/A","42509300000000",NULL
290,"MINERACAO CARAIBA S/A","42509300000000",NULL
291,"MINERACAO CARAIBA S/A","42509300000000",NULL
292,"MINERACAO CARAIBA S/A","42509300000000",NULL
293,"MINERACAO CARAIBA S/A","42509300000000",NULL
294,"MINERACAO CARAIBA S/A","42509300000000",NULL
295,"MINERACAO JUNDU LTDA","60628500000000","CORBS"
296,"MINERACAO JUNDU LTDA","60628500000000","CORBS"
297,"UILSON ROMANHA & CIA LTDA","934199000000","CORBS"
298,"METALMIG MINERACAO INDUSTRIA E COMERCIO S/A","34456000000000","CORBN"
299,"SANTA FELICIDADE MINERACAO SPE LTDA","48364400000000",NULL
300,"SERGIO DA SILVA","***206189***","CORBS"
301,"ANTONIO CAROLINO DE SOUZA","33145300000000","CORBS"
302,"ALTA FLORESTA GOLD MINERACAO LTDA","17580700000000","CORBCM"
303,"CARBONIFERA SIDEROPOLIS LTDA","83852100000000","CORBS"
304,"PEDRO CERQUEIRA CALDAS","***137773***",NULL
305,"ALTA FLORESTA GOLD MINERACAO LTDA","17580700000000","CORBCM"
306,"YAN BITTENCOURT NASCIMENTO","***042255***",NULL
307,"RIDALECIO DE SOUZA","***960753***","CORBCM"
308,"VALE S.A.","33592500000000","CORBO"
309,"VALE S.A.","33592500000000","CORBL"
310,"VALE S.A.","33592500000000","CORBL"
311,"VALE S.A.","33592500000000","CORBL"
312,"ALTA FLORESTA GOLD MINERACAO LTDA","17580700000000","CORBCM"
313,"BRASE - BRASIL EXTRACAO, COMERCIO E INDUSTRIA DE ESTANHO EIRELI","23919600000000","CORBN"
314,"CELESTA MINERACAO S.A","17756000000000",NULL
315,"NORAIR NELSON DE SOUZA","***522859***","CORBS"
316,"MINERACAO CARAIBA S/A","42509300000000",NULL
317,"MINERACAO CARAIBA S/A","42509300000000",NULL
318,"MINERACAO CARAIBA S/A","42509300000000",NULL
319,"SALINAS GOLD MINERACAO LTDA","3212960000000",NULL
320,"COOPERATIVA DE MINERADORES E GARIMPEIROS DA REGIAO DE ARIPUANA - COOPEMIGA","36084600000000","CORBS"
321,"ITAMINAS COMERCIO DE MINERIOS SA","18752800000000","CORBO"
322,"Ronny Morais Costa","***998363***","CORBS"
323,"COOPERATIVA DE PRODUTORES DE ESTANHO DO BRASIL COOPERTIN","26021200000000","CORBN"
324,"TORIO BRASIL MINERACAO LTDA","7240710000000",NULL
325,"COOPERATIVA DE PRODUTORES DE ESTANHO DO BRASIL COOPERTIN","26021200000000","CORBN"
326,"GDMBRASIL - GEOLOGIA E DESENVOLVIMENTO MINERAL LTDA","19072100000000","CORBS"
327,"GDMBRASIL - GEOLOGIA E DESENVOLVIMENTO MINERAL LTDA","19072100000000","CORBS"
328,"João Gabriel Guizzo","***523979***","CORBCM"
329,"COOPERATIVA DE EXTRACAO DE METAIS E PEDRAS PRECIOSAS DE PONTES E LACERDA-MT","21046600000000","CORBCM"
330,"Robinson da Silva Bravo","***019168***","CORBCM"
331,"Joaquim Aderaldo de Souza Neto","***807891***","CORBCM"
332,"COOPERATIVA DE EXTRACAO MINERAL DE NOSSA SENHORA DO LIVRAMENTO","26729600000000","CORBS"
333,"COOPERATIVA DE EXTRACAO MINERAL DE NOSSA SENHORA DO LIVRAMENTO","26729600000000",NULL
334,"MSM Mineração Serra da Moeda Ltda.","21705300000000",NULL
335,"MSM Mineração Serra da Moeda Ltda.","21705300000000",NULL
336,"COOPERATIVA DE EXTRACAO MINERAL DE NOSSA SENHORA DO LIVRAMENTO","26729600000000",NULL
337,"L V R COMERCIO E EXTRACAO MINERAL LTDA","5797880000000","CORBS"
338,"VALE GOLD S.A.","38615400000000","CORBCM"
339,"MINERACAO CARAIBA S/A","42509300000000",NULL
340,"COOPERATIVA DE EXTRACAO MINERAL DE NOSSA SENHORA DO LIVRAMENTO","26729600000000","CORBCM"
341,"FILADELFO DOS REIS DIAS","***047942***","CORBS"
342,"M & J MINERACAO, PISCICULTURA E REFLORESTAMENTO - EIRELI","17181400000000","CORBN"
343,"Ricardo Padilla de Bordon Neves","***362762***","CORBS"
344,"Marcus Vítor Nunes Lindote","***023850***",NULL
345,"Bento Soares de Brito","***406736***","CORBS"
346,"MINERACAO CARAIBA S/A","42509300000000",NULL
347,"MINERACAO CARAIBA S/A","42509300000000",NULL
348,"MINERACAO CARAIBA S/A","42509300000000",NULL
349,"MINERACAO CARAIBA S/A","42509300000000",NULL
350,"Cooperativa de Mineração dos Garimpeiros do Lourenço Ltda","788904000000",NULL
351,"PARA ALTA FLORESTA GOLD MINERACAO LTDA","27567100000000","CORBCM"
352,"COOPERATIVA DOS GARIMPEIROS DO VALE DO VILA NOVA","23082400000000",NULL
353,"COOPERATIVA DOS GARIMPEIROS DO VALE DO VILA NOVA","23082400000000",NULL
354,"COOPERATIVA DOS GARIMPEIROS DO VALE DO VILA NOVA","23082400000000",NULL
355,"COOPERATIVA DOS GARIMPEIROS DO VALE DO VILA NOVA","23082400000000",NULL
356,"RIVER GOLD MINERACAO LTDA","36617300000000","CORBCM"
357,"Alcoa World Alumina Brasil Ltda.","6167730000000","CORBN"
358,"MINERACAO TANQUE BELO LTDA","51080000000000","CORBCM"
359,"DIEGO MACEDO CARDOSO","***041351***","CORBCM"
360,"CLAUDIO HENRIQUE TEODORO DE ALMEIDA","***523386***","CORBS"
361,"COOPROBAND - COOPERATIVA DE PRODUTORES MINERAIS DE NOVA BANDEIRANTES","35055900000000","CORBCM"
362,"ALEX HENRIQUE CRUZ","***043241***","CORBCM"
363,"MINAR MINERACAO AREDES LTDA","20066900000000",NULL
364,"MARCOS JOSE MARTINS FERNANDES","***472026***","CORBS"
365,"Diego Sérgio de oliveira Almeida","***003498***","CORBS"
366,"COOPROBAND - COOPERATIVA DE PRODUTORES MINERAIS DE NOVA BANDEIRANTES","35055900000000","CORBCM"
367,"MINERACAO FL JOTAS LTDA","9145190000000",NULL
368,"MINERACAO FL JOTAS LTDA","9145190000000",NULL
369,"Empresa de Mineração e Artefatos de Cimento Jbs Ltda Epp","47354800000000","CORBS"
370,"EXTRACAO E COMERCIO DE AREIA QUEVEDO & SILVA LTDA","2745440000000","CORBS"
371,"MINERADORA AREIA NOVA LTDA","2286820000000","CORBS"
372,"SERABI MINERACAO S.A.","4207300000000","CORBN"
373,"JEFFERSON LUIZ DE ARRUDA E SILVA","***839891***","CORBS"
374,"FILADELFO DOS REIS DIAS","***047942***","CORBS"
375,"Valdinei Mauro de Souza","***568360***","CORBS"
376,"william monteiro lipinisky","***055303***","CORBS"
377,"CELESTA MINERACAO S.A","17756000000000",NULL
378,"MORRO DOURADO LTDA","3328460000000",NULL
379,"MINERACAO USIMINAS S.A.","12056600000000","CORBO"
380,"CLAUDIO HENRIQUE TEODORO DE ALMEIDA","***523386***","CORBS"
381,"MAGNESITA MINERACAO S.A.","592603000000",NULL
382,"MAGNESITA MINERACAO S.A.","592603000000",NULL
383,"MAGNESITA MINERACAO S.A.","592603000000",NULL
384,"MAGNESITA MINERACAO S.A.","592603000000",NULL
385,"MINERACAO ONCA PUMA S.A.","48256800000000","CORBN"
386,"COOPERATIVA DE EXTRACAO MINERAL DE NOSSA SENHORA DO LIVRAMENTO","26729600000000",NULL
387,"VALGNO DE MATOS TINOCO","***065508***","CORBS"
388,"Cleomenes Santos Silva","***016915***","CORBS"
389,"VALDEMIR CARLOS DE SOUZA","***326183***","CORBS"
390,"FRANCISCO XAVIER DA SILVA","***108610***","CORBCM"
391,"FILADELFO DOS REIS DIAS","***047942***","CORBCM"
392,"Rodrigo Moraes Fiacadori","***998455***","CORBCM"
393,"COOPERATIVA DE EXTRACAO MINERAL DE NOSSA SENHORA DO LIVRAMENTO","26729600000000",NULL
394,"CATARINO PEDROSO DE BARROS","***172592***","CORBS"
395,"SAMACA FERROS LTDA","16682200000000",NULL
396,"COOPERATIVA DE EXTRACAO MINERAL DE MATO GROSSO","23300300000000","CORBCM"
397,"COOPERATIVA DE EXTRACAO MINERAL DE MATO GROSSO","23300300000000",NULL
398,"DELIA GODOY RAZUK","21943700000000","CORBCM"
399,"EUROMAQUINAS MINERACAO LTDA","19882200000000","CORBS"
400,"MINERACAO ABDALA LTDA","8838090000000",NULL
401,"SERRINHA GOLDMINE LTDA","42451000000000",NULL
402,"ITAMINAS COMERCIO DE MINERIOS SA","18752800000000","CORBO"
403,"EVALDO TESCHIMA LEITE","24588200000000","CORBCM"
404,"SAFM MINERACAO LTDA","9325670000000",NULL
405,"ANGLOGOLD ASHANTI CORREGO DO SITIO MINERACAO S.A.","18565400000000","CORBL"
406,"ANGLOGOLD ASHANTI CORREGO DO SITIO MINERACAO S.A.","18565400000000","CORBL"
407,"MINERACAO ONCA PUMA S.A.","48256800000000","CORBN"
408,"NORMA ARGES OLIVA","***406720***",NULL
409,"MINERBRAS MINERACAO LTDA","14762200000000","CORBS"
410,"AVG EMPREENDIMENTOS MINERARIOS S.A.","16565900000000","CORBL"
411,"MINERACAO JUNDU LTDA","60628500000000","CORBS"
412,"HELLEN ELIZABETH CORREA MARTINS","***102894***",NULL
413,"CENTRO OESTE GOLD MINE S.A.","44163000000000","CORBS"
414,"MINERACAO ONCA PUMA S.A.","48256800000000","CORBN"
415,"MINERACAO RIO DO NORTE SA","4932220000000",NULL
416,"MINERACAO RIO DO NORTE SA","4932220000000",NULL
417,"MINERACAO RIO DO NORTE SA","4932220000000",NULL
418,"GF GOLD MINERACAO EIRELI","16978600000000","CORBS"
419,"INDUSTRIAS NUCLEARES DO BRASIL S.A - INB","322818000000","CORBN"
420,"INDUSTRIAS NUCLEARES DO BRASIL S.A - INB","322818000000","CORBN"
421,"MOSAIC FERTILIZANTES P&K LTDA.","33931500000000","CORBS"
422,"MOSAIC FERTILIZANTES P&K LTDA.","33931500000000","CORBO"
423,"DOMUS AUREA MINERACAO LTDA","29541600000000",NULL
424,"VALE S.A.","33592500000000","CORBN"
425,"UNAMGEN MINERACAO E METALURGIA SA","42593300000000",NULL
426,"COOPERATIVA DE MINERACAO DOS GARIMPEIROS DE PONTES E LACERDA - COMPEL","25252500000000","CORBS"
427,"COOPERATIVA DE MINERACAO DOS GARIMPEIROS DE PONTES E LACERDA - COMPEL","25252500000000","CORBS"
428,"J F Rost Martins","5526480000000","CORBS"
429,"NORMA ARGES OLIVA","***406720***","CORBS"
430,"SIDNEI RAFAEL DE SOUZA","***096118***","CORBS"
431,"PORTO DE AREIA BRANCA LTDA","47157800000000",NULL
432,"Fellipe Gabriel Firmino Bravo","***062745***","CORBCM"
433,"COMPANHIA RIOGRANDENSE DE MINERACAO CRM","92724100000000","CORBS"
434,"EXTRACAO DE MINERIO BEARIZ LTDA","18461000000000","CORBCM"
435,"GF GOLD MINERACAO EIRELI","16978600000000","CORBS"
436,"Maxcimiliano Mendes Nascimento","***557555***","CORBCM"
437,"PEDREIRA SARGON LTDA","60101300000000","CORBS"
438,"NACIONAL DE GRAFITE LTDA","21228900000000",NULL
439,"YURI MACEDO OLIVEIRA","***071252***",NULL
440,"PILAR DE GOIAS DESENVOLVIMENTO MINERAL LTDA","21823100000000",NULL
441,"Sandro de França","***561629***","CORBS"
442,"FRANCISCO XAVIER DA SILVA","***108610***","CORBS"
443,"COOPERATIVA DE EXTRACAO MINERAL DE MATO GROSSO","23300300000000","CORBCM"
444,"AVG EMPREENDIMENTOS MINERARIOS S.A.","16565900000000","CORBL"
445,"aparecido francisco da silva","***352746***","CORBS"
446,"VETRIA MINERACAO S.A.","10228300000000",NULL
447,"MINERACAO DO VALE LTDA","53959300000000","CORBS"
448,"PM1 MINERACAO LTDA","8692740000000","CORBCM"
449,"EMBU S A ENGENHARIA E COMERCIO","61322600000000",NULL
450,"EMICON MINERACAO E TERRAPLENAGEM LIMITADA","16680000000000",NULL
451,"EMICON MINERACAO E TERRAPLENAGEM LIMITADA","16680000000000",NULL
452,"EMICON MINERACAO E TERRAPLENAGEM LIMITADA","16680000000000","CORBO"
453,"EMICON MINERACAO E TERRAPLENAGEM LIMITADA","16680000000000","CORBO"
454,"DISK-BASE EXT.DE AREIA E COM.DE MAT.P/CONST.LTDA","62136200000000","CORBS"
455,"DISK-BASE EXT.DE AREIA E COM.DE MAT.P/CONST.LTDA","62136200000000","CORBS"
456,"INDUSTRIA E COMERCIO DE MINERIOS S/A - ICOMI","33193900000000","CORBN"
457,"INDUSTRIA E COMERCIO DE MINERIOS S/A - ICOMI","33193900000000","CORBN"
458,"INDUSTRIA E COMERCIO DE MINERIOS S/A - ICOMI","33193900000000","CORBN"
459,"INDUSTRIA E COMERCIO DE MINERIOS S/A - ICOMI","33193900000000","CORBN"
460,"INDUSTRIA E COMERCIO DE MINERIOS S/A - ICOMI","33193900000000","CORBN"
461,"INDUSTRIA E COMERCIO DE MINERIOS S/A - ICOMI","33193900000000","CORBN"
462,"RUBENS GIMENEZ RODRIGUES","***827195***",NULL
463,"MAX JOEL RUSSI","***777051***","CORBCM"
464,"MINERACAO SANTA CRUZ LTDA","5384310000000","CORBL"
465,"COOPERATIVA MISTA DOS GARIMPEIROS DE PEIXOTO DE AZEVEDO","11664300000000","CORBS"
466,"Victor Augusto de Arruda Gimenez","***013194***","CORBCM"
467,"O MINERIO PARTICIPACOES LTDA","43304400000000","CORBCM"
468,"T. N. MINERACOES LTDA","32399900000000","CORBCM"
469,"EMPRESA DE MINERACAO HORII LTDA","52573200000000",NULL
470,"COMPANHIA MINERADORA DO PIROCLORO DE ARAXA","17806800000000","CORBO"
471,"MINERACAO GERAL DO BRASIL S/A","60727100000000","CORBCM"
472,"MINERACAO GERAL DO BRASIL S/A","60727100000000","CORBCM"
473,"MINERACAO DARCY R.O. E SILVA LTDA","45369200000000",NULL
474,"MINERACAO DARCY R.O. E SILVA LTDA","45369200000000",NULL
475,"VALE S.A.","33592500000000","CORBO"
476,"VALE S.A.","33592500000000",NULL
477,"AMG BRASIL S.A.","11224700000000",NULL
478,"BAUMINAS MINERACAO LTDA","19534700000000",NULL
479,"ANGLO AMERICAN MINERIO DE FERRO BRASIL S/A","2359570000000",NULL
480,"BAUMINAS MINERACAO LTDA","19534700000000",NULL
481,"ANGLO AMERICAN MINERIO DE FERRO BRASIL S/A","2359570000000","CORBL"
482,"ANGLO AMERICAN MINERIO DE FERRO BRASIL S/A","2359570000000","CORBL"
483,"ANGLO AMERICAN MINERIO DE FERRO BRASIL S/A","2359570000000","CORBL"
484,"ANGLO AMERICAN MINERIO DE FERRO BRASIL S/A","2359570000000","CORBL"
485,"ANGLO AMERICAN MINERIO DE FERRO BRASIL S/A","2359570000000","CORBL"
486,"CMOC BRASIL MINERACAO, INDUSTRIA E PARTICIPACOES LTDA.","26108900000000",NULL
487,"CMOC BRASIL MINERACAO, INDUSTRIA E PARTICIPACOES LTDA.","26108900000000",NULL
488,"CMOC BRASIL MINERACAO, INDUSTRIA E PARTICIPACOES LTDA.","26108900000000",NULL
489,"CMOC BRASIL MINERACAO, INDUSTRIA E PARTICIPACOES LTDA.","26108900000000",NULL
490,"CMOC BRASIL MINERACAO, INDUSTRIA E PARTICIPACOES LTDA.","26108900000000",NULL
491,"MINERACAO TABOCA S A","34020000000000",NULL
492,"MINERACAO TABOCA S A","34020000000000","CORBN"
493,"MINERACAO TABOCA S A","34020000000000","CORBN"
494,"MINERACAO TABOCA S A","34020000000000","CORBN"
495,"MINERACAO TABOCA S A","34020000000000","CORBN"
496,"MINERACAO TABOCA S A","34020000000000","CORBN"
497,"MINERACAO TABOCA S A","34020000000000","CORBN"
498,"MINERACAO TABOCA S A","34020000000000","CORBN"
499,"MINERACAO RIACHO DOS MACHADOS LTDA.","8832670000000",NULL
500,"Alcoa World Alumina Brasil Ltda.","6167730000000",NULL
501,"Alcoa World Alumina Brasil Ltda.","6167730000000","CORBN"
502,"Alcoa World Alumina Brasil Ltda.","6167730000000",NULL
503,"Alcoa World Alumina Brasil Ltda.","6167730000000",NULL
504,"Alcoa World Alumina Brasil Ltda.","6167730000000",NULL
505,"Alcoa World Alumina Brasil Ltda.","6167730000000",NULL
506,"Alcoa World Alumina Brasil Ltda.","6167730000000",NULL
507,"HERCULANO MINERACAO LTDA","41785800000000",NULL
508,"MINERACAO CARAIBA S/A","42509300000000",NULL
509,"Minerita Minérios Itaúna Ltda.","16813500000000",NULL
510,"Minerita Minérios Itaúna Ltda.","16813500000000",NULL
511,"MINERACAO TABIPORA LTDA","79066800000000",NULL
512,"SALOBO METAIS S/A","33931500000000",NULL
513,"SALOBO METAIS S/A","33931500000000","CORBN"
514,"SALOBO METAIS S/A","33931500000000","CORBN"
515,"SALOBO METAIS S/A","33931500000000","CORBN"
516,"SALOBO METAIS S/A","33931500000000","CORBN"
517,"M B L MATERIAIS BASICOS LTDA","19543200000000","CORBO"
518,"M B L MATERIAIS BASICOS LTDA","19543200000000","CORBO"
519,"EXTRACAO DE MINERIO BEARIZ LTDA","18461000000000","CORBS"
520,"INDUSTRIAS NUCLEARES DO BRASIL S.A - INB","322818000000","CORBO"
521,"INDUSTRIAS NUCLEARES DO BRASIL S.A - INB","322818000000",NULL
522,"INDUSTRIAS NUCLEARES DO BRASIL S.A - INB","322818000000","CORBO"
523,"CSN CIMENTOS S.A.","38282500000000","CORBO"
524,"CSN CIMENTOS S.A.","38282500000000","CORBO"
525,"ARCELORMITTAL BRASIL S.A.","17469700000000",NULL
526,"EMBU S A ENGENHARIA E COMERCIO","61322600000000",NULL
527,"EMBU S A ENGENHARIA E COMERCIO","61322600000000",NULL
528,"SANTA LUZ DESENVOLVIMENTO MINERAL LTDA","22104000000000",NULL
529,"SANTA LUZ DESENVOLVIMENTO MINERAL LTDA","22104000000000",NULL
530,"MINERACAO AURIZONA S/A","42422000000000",NULL
531,"MINERACAO AURIZONA S/A","42422000000000",NULL
532,"FAZENDA BRASILEIRO DESENVOLVIMENTO MINERAL LTDA","22104000000000",NULL
533,"FAZENDA BRASILEIRO DESENVOLVIMENTO MINERAL LTDA","22104000000000",NULL
534,"FAZENDA BRASILEIRO DESENVOLVIMENTO MINERAL LTDA","22104000000000",NULL
535,"SERABI MINERACAO S.A.","4207300000000",NULL
536,"SERABI MINERACAO S.A.","4207300000000",NULL
537,"GERDAU ACOMINAS S/A","17227400000000","CORBL"
538,"SALITRE FERTILIZANTES LTDA.","43066700000000",NULL
539,"VALE S.A.","33592500000000",NULL
540,"VALE S.A.","33592500000000","CORBL"
541,"VALE S.A.","33592500000000",NULL
542,"VALE S.A.","33592500000000",NULL
543,"VALE S.A.","33592500000000","CORBL"
544,"VALE S.A.","33592500000000","CORBL"
545,"VALE S.A.","33592500000000","CORBCM"
546,"VALE S.A.","33592500000000","CORBL"
547,"VALE S.A.","33592500000000","CORBL"
548,"VALE S.A.","33592500000000","CORBL"
549,"VALE S.A.","33592500000000","CORBL"
550,"VALE S.A.","33592500000000","CORBL"
551,"AURA ALMAS MINERACAO S/A","8213820000000",NULL
552,"Valdinei Mauro de Souza","***568360***",NULL
553,"SALINAS GOLD MINERACAO LTDA","3212960000000",NULL
554,"SALINAS GOLD MINERACAO LTDA","3212960000000",NULL
555,"SALINAS GOLD MINERACAO LTDA","3212960000000","CORBS"
556,"VALE S.A.","33592500000000","CORBO"
557,"VALE S.A.","33592500000000","CORBO"
558,"VALE S.A.","33592500000000","CORBO"
559,"VALE S.A.","33592500000000","CORBO"
560,"VALE S.A.","33592500000000","CORBO"
561,"VALE S.A.","33592500000000","CORBO"
562,"VALE S.A.","33592500000000",NULL
563,"VALE S.A.","33592500000000","CORBO"
564,"SALOBO METAIS S/A","33931500000000",NULL
565,"ALAIN STEPHANE RIVIERE MINERACAO","15264400000000","CORBS"
566,"VETRIA MINERACAO S.A.","10228300000000",NULL
567,"ALAIN STEPHANE RIVIERE MINERACAO","15264400000000","CORBS"
568,"VETRIA MINERACAO S.A.","10228300000000",NULL
569,"EVANDRO DE SOUZA","***894865***","CORBS"
570,"A R WEBER","5742530000000","CORBS"
571,"GONCALO PEDROSO DE BARROS","***178073***","CORBS"
572,"JONAS GIMENEZ RODRIGUES","***015680***","CORBS"
573,"Roberto Nunes Rondon","***352571***","CORBS"
574,"SIDNEI RAFAEL DE SOUZA","***096118***","CORBS"
575,"MINERACAO USIMINAS S.A.","12056600000000",NULL
576,"MAX JOEL RUSSI","***777051***","CORBS"
577,"MINERACAO USIMINAS S.A.","12056600000000","CORBO"
578,"R G R FILHO MINERACAO","48000300000000",NULL
579,"VALE S.A.","33592500000000","CORBL"
580,"Davi Alves Bicalho","***799923***",NULL
581,"VALE S.A.","33592500000000","CORBL"
582,"Davi Alves Bicalho","***799923***","CORBS"
583,"VALE S.A.","33592500000000","CORBL"
584,"RENALDO RUDI SCHORK","***452517***",NULL
585,"VALE S.A.","33592500000000",NULL
586,"VALE S.A.","33592500000000",NULL
587,"VALE S.A.","33592500000000",NULL
588,"VALE S.A.","33592500000000",NULL
589,"VALE S.A.","33592500000000","CORBL"
590,"VALE S.A.","33592500000000","CORBL"
591,"ROSEMEIRE BENEDETTI ALVES","***124161***",NULL
592,"ROSEMEIRE BENEDETTI ALVES","***124161***","CORBS"
593,"VALE S.A.","33592500000000","CORBN"
594,"VALE S.A.","33592500000000","CORBN"
595,"VALE S.A.","33592500000000","CORBN"
596,"Valdinei Mauro de Souza","***568360***","CORBS"
597,"Valdinei Mauro de Souza","***568360***",NULL
598,"VALE S.A.","33592500000000","CORBN"
599,"Valdinei Mauro de Souza","***568360***",NULL
600,"VALE S.A.","33592500000000",NULL
601,"Valdinei Mauro de Souza","***568360***",NULL
602,"Valdinei Mauro de Souza","***568360***",NULL
603,"VALE S.A.","33592500000000",NULL
604,"Valdinei Mauro de Souza","***568360***",NULL
605,"JACOBINA MINERACAO E COMERCIO LTDA","42463200000000",NULL
606,"JACOBINA MINERACAO E COMERCIO LTDA","42463200000000",NULL
607,"VALE S.A.","33592500000000",NULL
608,"VALE S.A.","33592500000000","CORBO"
609,"CAIO CESAR GIMENES RODRIGUES SILVA","***377152***","CORBS"
610,"VALE S.A.","33592500000000","CORBL"
611,"VALE S.A.","33592500000000","CORBL"
612,"VALE S.A.","33592500000000","CORBL"
613,"VALE S.A.","33592500000000","CORBL"
614,"VALE S.A.","33592500000000",NULL
615,"VALE S.A.","33592500000000",NULL
616,"Valdinei Mauro de Souza","***568360***",NULL
617,"VALE S.A.","33592500000000","CORBO"
618,"VALE S.A.","33592500000000","CORBO"
619,"VALE S.A.","33592500000000","CORBO"
620,"VALE S.A.","33592500000000","CORBO"
621,"VALE S.A.","33592500000000","CORBL"
622,"VALE S.A.","33592500000000","CORBL"
623,"VALE S.A.","33592500000000","CORBL"
624,"VALE S.A.","33592500000000","CORBO"
625,"VALE S.A.","33592500000000","CORBO"
626,"VALE S.A.","33592500000000",NULL
627,"VALE S.A.","33592500000000",NULL
628,"Topazio Imperial Mineração Comercio e Industria Ltda","16857300000000",NULL
629,"VALE S.A.","33592500000000",NULL
630,"VALE S.A.","33592500000000",NULL
631,"VALE S.A.","33592500000000","CORBO"
632,"VALE S.A.","33592500000000",NULL
633,"MARCELO BOZETTI","***943625***","CORBS"
634,"MINERACAO MARACA INDUSTRIA E COMERCIO S/A","86902100000000",NULL
635,"SANDER LIMA DE FRANCA","***002005***",NULL
636,"FREDERICO AUGUSTO DE ARRUDA GIMENEZ MINERACAO","7111520000000","CORBS"
637,"VALE S.A.","33592500000000",NULL
638,"VALE S.A.","33592500000000",NULL
639,"VALE S.A.","33592500000000",NULL
640,"VALE S.A.","33592500000000",NULL
641,"VALE S.A.","33592500000000",NULL
642,"VALE S.A.","33592500000000",NULL
643,"VALE S.A.","33592500000000",NULL
644,"ELISA MACIEL SANTOS RIVA","***693900***","CORBS"
645,"M. M. GOLD MINERACAO LTDA","28277400000000","CORBN"
646,"M. M. GOLD MINERACAO LTDA","28277400000000","CORBN"
647,"M. M. GOLD MINERACAO LTDA","28277400000000",NULL
648,"AVB MINERACAO LTDA.","7605560000000",NULL
649,"Ronny Morais Costa","***998363***",NULL
650,"VALE S.A.","33592500000000",NULL
651,"VALE S.A.","33592500000000",NULL
652,"VALE S.A.","33592500000000",NULL
653,"SAMARCO MINERACAO S.A. EM RECUPERACAO JUDICIAL","16628300000000","CORBL"
654,"SAMARCO MINERACAO S.A. EM RECUPERACAO JUDICIAL","16628300000000",NULL
655,"SAMARCO MINERACAO S.A. EM RECUPERACAO JUDICIAL","16628300000000","CORBL"
656,"SAMARCO MINERACAO S.A. EM RECUPERACAO JUDICIAL","16628300000000","CORBL"
657,"SAMARCO MINERACAO S.A. EM RECUPERACAO JUDICIAL","16628300000000","CORBL"
658,"SAMARCO MINERACAO S.A. EM RECUPERACAO JUDICIAL","16628300000000",NULL
659,"CASA DE PEDRA LTDA","80336200000000",NULL
660,"Marcio Nascimento","***052081***","CORBS"
661,"SAMARCO MINERACAO S.A. EM RECUPERACAO JUDICIAL","16628300000000","CORBL"
662,"VM MINERACAO LTDA","3121420000000",NULL
663,"VM MINERACAO LTDA","3121420000000",NULL
664,"GRANHA LIGAS LTDA","5833750000000","CORBO"
665,"PROMETALICA MINERACAO LTDA","3564160000000",NULL
666,"ATLANTIC NICKEL MINERACAO LTDA","74127000000000",NULL
667,"Euler Oliveira Coelho","***878978***",NULL
668,"MINERACAO APOENA S.A.","10302600000000",NULL
669,"MINERACAO APOENA S.A.","10302600000000",NULL
670,"MINERACAO APOENA S.A.","10302600000000","CORBS"
671,"MINERACAO APOENA S.A.","10302600000000","CORBS"
672,"SAMARCO MINERACAO S.A. EM RECUPERACAO JUDICIAL","16628300000000","CORBL"
673,"SAMARCO MINERACAO S.A. EM RECUPERACAO JUDICIAL","16628300000000","CORBL"
674,"CASCAR BRASIL MINERACAO LTDA","8859670000000","CORBN"
675,"CIA DE FERRO LIGAS DA BAHIA FERBASA","15141800000000",NULL
676,"CIA DE FERRO LIGAS DA BAHIA FERBASA","15141800000000",NULL
677,"VALE S.A.","33592500000000","CORBO"
678,"VALE S.A.","33592500000000","CORBO"
679,"VALE S.A.","33592500000000","CORBO"
680,"VALE S.A.","33592500000000","CORBL"
681,"VALE S.A.","33592500000000","CORBL"
682,"CARBONIFERA METROPOLITANA S/A","83647900000000",NULL
683,"VALE S.A.","33592500000000","CORBL"
684,"CARBONIFERA METROPOLITANA S/A","83647900000000",NULL
685,"VALE S.A.","33592500000000",NULL
686,"CARBONIFERA METROPOLITANA S/A","83647900000000","CORBS"
687,"VALE S.A.","33592500000000",NULL
688,"CARBONIFERA METROPOLITANA S/A","83647900000000","CORBS"
689,"VALE S.A.","33592500000000",NULL
690,"VALE S.A.","33592500000000","CORBL"
691,"VALE S.A.","33592500000000","CORBL"
692,"VALE S.A.","33592500000000","CORBL"
693,"VERMELHAO MINERACAO INDUSTRIA E COMERCIO LTDA","16857500000000","CORBL"
694,"VALE S.A.","33592500000000","CORBL"
695,"VALE S.A.","33592500000000",NULL
696,"Geocal Mineração Ltda","255910000000","CORBS"
697,"MOSAIC FERTILIZANTES P&K LTDA.","33931500000000",NULL
698,"MOSAIC FERTILIZANTES P&K LTDA.","33931500000000",NULL
699,"MOSAIC FERTILIZANTES P&K LTDA.","33931500000000","CORBS"
700,"MOSAIC FERTILIZANTES P&K LTDA.","33931500000000","CORBO"
701,"MOSAIC FERTILIZANTES P&K LTDA.","33931500000000","CORBO"
702,"COMPANHIA BRASILEIRA DE ALUMINIO","61409900000000",NULL
703,"COMPANHIA BRASILEIRA DE ALUMINIO","61409900000000",NULL
704,"Carbonífera Belluno Ltda.","83163600000000","CORBS"
705,"Carbonífera Belluno Ltda.","83163600000000","CORBS"
706,"MINERACAO SERRAS DO OESTE LIMITADA","28917700000000",NULL
707,"MINERACAO SERRAS DO OESTE LIMITADA","28917700000000",NULL
708,"Carbonífera Belluno Ltda.","83163600000000",NULL
709,"MOSAIC FERTILIZANTES P&K LTDA.","33931500000000",NULL
710,"MINERACAO NOSSA SENHORA DO CARMO LTDA","83647800000000",NULL
711,"MOSAIC FERTILIZANTES P&K LTDA.","33931500000000",NULL
712,"MINERACAO NOSSA SENHORA DO CARMO LTDA","83647800000000",NULL
713,"MOSAIC FERTILIZANTES P&K LTDA.","33931500000000","CORBO"
714,"MOSAIC FERTILIZANTES P&K LTDA.","33931500000000","CORBO"
715,"MOSAIC FERTILIZANTES P&K LTDA.","33931500000000",NULL
716,"MOSAIC FERTILIZANTES P&K LTDA.","33931500000000",NULL
717,"MOSAIC FERTILIZANTES P&K LTDA.","33931500000000","CORBO"
718,"MOSAIC FERTILIZANTES P&K LTDA.","33931500000000","CORBO"
719,"MOSAIC FERTILIZANTES P&K LTDA.","33931500000000","CORBO"
720,"MOSAIC FERTILIZANTES P&K LTDA.","33931500000000",NULL
721,"MOSAIC FERTILIZANTES P&K LTDA.","33931500000000","CORBO"
722,"MOSAIC FERTILIZANTES P&K LTDA.","33931500000000",NULL
723,"MOSAIC FERTILIZANTES P&K LTDA.","33931500000000","CORBS"
724,"MOSAIC FERTILIZANTES P&K LTDA.","33931500000000",NULL
725,"MOSAIC FERTILIZANTES P&K LTDA.","33931500000000",NULL
726,"MOSAIC FERTILIZANTES P&K LTDA.","33931500000000",NULL
727,"VALLOUREC TUBOS DO BRASIL LTDA.","17170200000000","CORBO"
728,"VALLOUREC TUBOS DO BRASIL LTDA.","17170200000000",NULL
729,"VALLOUREC TUBOS DO BRASIL LTDA.","17170200000000","CORBO"
730,"JOAO ROBERTO CARDOSO","***352235***","CORBS"
731,"ITAMINAS COMERCIO DE MINERIOS SA","18752800000000",NULL
732,"LHG MINING CORUMBA S.A","3327990000000",NULL
733,"MINERACAO VALE VERDE DO BRASIL LTDA.","8650570000000",NULL
734,"KINROSS BRASIL MINERACAO S/A","20346500000000",NULL
735,"KINROSS BRASIL MINERACAO S/A","20346500000000",NULL
736,"KINROSS BRASIL MINERACAO S/A","20346500000000","CORBO"
737,"KINROSS BRASIL MINERACAO S/A","20346500000000",NULL
738,"KINROSS BRASIL MINERACAO S/A","20346500000000",NULL
739,"KINROSS BRASIL MINERACAO S/A","20346500000000",NULL
740,"SANTA FELICIDADE MINERACAO SPE LTDA","48364400000000","CORBS"
741,"VALE S.A.","33592500000000",NULL
742,"SANTA FELICIDADE MINERACAO SPE LTDA","48364400000000","CORBS"
743,"VALE S.A.","33592500000000","CORBL"
744,"SANTA FELICIDADE MINERACAO SPE LTDA","48364400000000",NULL
745,"VALE S.A.","33592500000000","CORBL"
746,"SANTA FELICIDADE MINERACAO SPE LTDA","48364400000000",NULL
747,"VALE S.A.","33592500000000","CORBL"
748,"Pollyana Moreira Dias","***010700***","CORBS"
749,"ARTEMYN RIO CAPIM CAULIM LTDA.","16532800000000","CORBN"
750,"ARTEMYN RIO CAPIM CAULIM LTDA.","16532800000000","CORBN"
751,"ARTEMYN RIO CAPIM CAULIM LTDA.","16532800000000","CORBN"
752,"ARTEMYN RIO CAPIM CAULIM LTDA.","16532800000000","CORBN"
753,"ARTEMYN RIO CAPIM CAULIM LTDA.","16532800000000","CORBN"
754,"ARTEMYN RIO CAPIM CAULIM LTDA.","16532800000000","CORBN"
755,"ARTEMYN RIO CAPIM CAULIM LTDA.","16532800000000","CORBN"
756,"ARTEMYN RIO CAPIM CAULIM LTDA.","16532800000000","CORBN"
757,"ARTEMYN RIO CAPIM CAULIM LTDA.","16532800000000","CORBN"
758,"ARTEMYN RIO CAPIM CAULIM LTDA.","16532800000000","CORBN"
759,"PARA PIGMENTOS S A","33931500000000","CORBN"
760,"PARA PIGMENTOS S A","33931500000000","CORBN"
761,"PARA PIGMENTOS S A","33931500000000","CORBN"
762,"JOSE MARIA OTAVIO MARTINS DUARTE","***869507***","CORBS"
763,"JOSE MARIA OTAVIO MARTINS DUARTE","***869507***","CORBS"
764,"JOSE MARIA OTAVIO MARTINS DUARTE","***869507***",NULL
765,"NAGELLA CHRISSIE BRAVO SERRA","***042380***",NULL
766,"Humberto Covezzi","***299025***",NULL
767,"Joaquim Aderaldo de Souza Neto","***807891***","CORBS"
768,"BRAZAURO RECURSOS MINERAIS S.A.","5943920000000",NULL
769,"BRAZAURO RECURSOS MINERAIS S.A.","5943920000000",NULL
770,"VALDEMIR CARLOS DE SOUZA","***326183***","CORBS"
771,"GERDAU ACOMINAS S/A","17227400000000",NULL
772,"GERDAU ACOMINAS S/A","17227400000000",NULL
773,"MINERACAO RIO DO NORTE SA","4932220000000","CORBN"
774,"MINERACAO RIO DO NORTE SA","4932220000000","CORBN"
775,"MINERACAO RIO DO NORTE SA","4932220000000","CORBCM"
776,"MINERACAO RIO DO NORTE SA","4932220000000",NULL
777,"MINERACAO RIO DO NORTE SA","4932220000000",NULL
778,"MINERACAO RIO DO NORTE SA","4932220000000",NULL
779,"MINERACAO RIO DO NORTE SA","4932220000000","CORBN"
780,"MINERACAO RIO DO NORTE SA","4932220000000",NULL
781,"MINERACAO RIO DO NORTE SA","4932220000000",NULL
782,"MINERACAO RIO DO NORTE SA","4932220000000",NULL
783,"MINERACAO RIO DO NORTE SA","4932220000000",NULL
784,"MINERACAO RIO DO NORTE SA","4932220000000",NULL
785,"MINERACAO RIO DO NORTE SA","4932220000000","CORBN"
786,"MINERACAO RIO DO NORTE SA","4932220000000",NULL
787,"MINERACAO RIO DO NORTE SA","4932220000000",NULL
788,"MINERACAO RIO DO NORTE SA","4932220000000",NULL
789,"MINERACAO RIO DO NORTE SA","4932220000000",NULL
790,"MINERACAO RIO DO NORTE SA","4932220000000",NULL
791,"MINERACAO RIO DO NORTE SA","4932220000000",NULL
792,"MINERACAO RIO DO NORTE SA","4932220000000",NULL
793,"MINERACAO RIO DO NORTE SA","4932220000000",NULL
794,"MINERACAO RIO DO NORTE SA","4932220000000","CORBN"
795,"MINERACAO RIO DO NORTE SA","4932220000000",NULL
796,"MINERACAO RIO DO NORTE SA","4932220000000",NULL
797,"MINERACAO RIO DO NORTE SA","4932220000000",NULL
798,"MINERACAO RIO DO NORTE SA","4932220000000",NULL
799,"MINERACAO RIO DO NORTE SA","4932220000000","CORBN"
800,"MINERACAO RIO DO NORTE SA","4932220000000",NULL
801,"MINERACAO RIO DO NORTE SA","4932220000000","CORBN"
802,"MINERAÇÃO OURO BRANCO SALTO DE PIRAPORA LTDA ME","72912000000000","CORBS"
803,"NACIONAL DE GRAFITE LTDA","21228900000000",NULL
804,"NACIONAL DE GRAFITE LTDA","21228900000000",NULL
805,"NACIONAL DE GRAFITE LTDA","21228900000000",NULL
806,"NACIONAL DE GRAFITE LTDA","21228900000000",NULL
807,"NACIONAL DE GRAFITE LTDA","21228900000000",NULL
808,"Conterpa, Conservação e Terraplagem e Pavimentação Ltda","2002590000000",NULL
809,"NEXA RECURSOS MINERAIS S.A.","42416700000000","CORBO"
810,"NEXA RECURSOS MINERAIS S.A.","42416700000000","CORBO"
811,"FERRO + MINERACAO S.A.","21256900000000","CORBL"
812,"NEXA RECURSOS MINERAIS S.A.","42416700000000",NULL
813,"HELLEN ELIZABETH CORREA MARTINS","***102894***","CORBS"
814,"MINERACAO BOM RETIRO LTDA","56763800000000",NULL
815,"PEDREIRA IBIUNA LTDA","68870400000000",NULL
816,"MINERACAO SERRAS DO OESTE LIMITADA","28917700000000","CORBL"
817,"HEUREKA MINERACAO LTDA","35343600000000",NULL
818,"HEUREKA MINERACAO LTDA","35343600000000",NULL
819,"HEUREKA MINERACAO LTDA","35343600000000","CORBS"
820,"MINERADORA AREIA NOVA LTDA","2286820000000","CORBS"
821,"MINERADORA PONTE ALTA LTDA","478237000000",NULL
822,"PEDREIRA SARGON LTDA","60101300000000","CORBS"
823,"MINERIOS NACIONAL S.A.","9294880000000",NULL
824,"MINERIOS NACIONAL S.A.","9294880000000",NULL
825,"MINERIOS NACIONAL S.A.","9294880000000","CORBL"
826,"ESTANHO DE RONDONIA S/A","684808000000",NULL
827,"ESTANHO DE RONDONIA S/A","684808000000",NULL
828,"ESTANHO DE RONDONIA S/A","684808000000",NULL
829,"ESTANHO DE RONDONIA S/A","684808000000",NULL
830,"AGIS MINERACAO LTDA.","60874200000000",NULL
831,"CADAM S.A.","4788980000000",NULL
832,"CADAM S.A.","4788980000000","CORBN"
833,"AMAPA MINERALS LTDA","5642710000000","CORBN"
834,"AMAPA MINERALS LTDA","5642710000000","CORBN"
835,"AMAPA MINERALS LTDA","5642710000000","CORBN"
836,"Jeová Barbosa de Morais","***702178***","CORBS"
837,"MINERACAO SERRA GRANDE S A","42445400000000",NULL
838,"Jeová Barbosa de Morais","***702178***","CORBS"
839,"ANGLOGOLD ASHANTI CORREGO DO SITIO MINERACAO S.A.","18565400000000",NULL
840,"ANGLOGOLD ASHANTI CORREGO DO SITIO MINERACAO S.A.","18565400000000",NULL
841,"ANGLOGOLD ASHANTI CORREGO DO SITIO MINERACAO S.A.","18565400000000",NULL
842,"ANGLOGOLD ASHANTI CORREGO DO SITIO MINERACAO S.A.","18565400000000",NULL
843,"ANGLOGOLD ASHANTI CORREGO DO SITIO MINERACAO S.A.","18565400000000",NULL
844,"ANGLOGOLD ASHANTI CORREGO DO SITIO MINERACAO S.A.","18565400000000",NULL
845,"SERGIO DA SILVA","***206189***",NULL
846,"Brasmic Mineração Areia e Brita Ltda","22470800000000",NULL
847,"Copelmi Mineração Ltda","33059500000000","CORBCM"
848,"Copelmi Mineração Ltda","33059500000000","CORBCM"
849,"CSN MINERACAO S.A.","8902290000000",NULL
850,"CSN MINERACAO S.A.","8902290000000","CORBCM"
851,"CSN MINERACAO S.A.","8902290000000","CORBL"
852,"MINERBRAS MINERACAO LTDA","14762200000000",NULL
853,"NX GOLD S.A. Filial: NX GOLD S.A.","18501400000000",NULL
854,"NX GOLD S.A. Filial: NX GOLD S.A.","18501400000000",NULL
855,"NX GOLD S.A. Filial: NX GOLD S.A.","18501400000000",NULL
856,"CSN MINERACAO S.A.","8902290000000","CORBL"
857,"COOPERMETAL - COOPERATIVA METALURGICA DE RONDONIA","9259740000000",NULL
858,"COOPERMETAL - COOPERATIVA METALURGICA DE RONDONIA","9259740000000",NULL
859,"GABRIELLA MINERACAO LTDA","7105970000000",NULL
860,"COOPERATIVA DOS GARIMPEIROS DE SANTA CRUZ - COOPERSANTA","34726500000000",NULL
861,"DEV MINERACAO S.A. - EM RECUPERACAO JUDICIAL","6030750000000",NULL
862,"EUROMAQUINAS MINERACAO LTDA","19882200000000",NULL
863,"INDUSTRIAS NUCLEARES DO BRASIL S.A - INB","322818000000","CORBN"
864,"INDUSTRIAS NUCLEARES DO BRASIL S.A - INB","322818000000","CORBN"
865,"INDUSTRIAS NUCLEARES DO BRASIL S.A - INB","322818000000","CORBN"
866,"INDUSTRIAS NUCLEARES DO BRASIL S.A - INB","322818000000","CORBN"
867,"LARGO VANADIO DE MARACAS S.A","15191800000000","CORBN"
868,"GINEZ GIMENES NETO","***065632***","CORBS"
869,"GINEZ GIMENES NETO","***065632***","CORBS"
870,"LARGO VANADIO DE MARACAS S.A","15191800000000",NULL
871,"LARGO VANADIO DE MARACAS S.A","15191800000000",NULL
872,"LARGO VANADIO DE MARACAS S.A","15191800000000",NULL
873,"COOPERATIVA DOS GARIMPEIROS DE SANTA CRUZ - COOPERSANTA","34726500000000",NULL
874,"COOPERATIVA DOS GARIMPEIROS DE SANTA CRUZ - COOPERSANTA","34726500000000",NULL
875,"COOPERATIVA DE MINERACAO DOS GARIMPEIROS DE PONTES E LACERDA - COMPEL","25252500000000","CORBS"
876,"COOPERATIVA DE MINERACAO DOS GARIMPEIROS DE PONTES E LACERDA - COMPEL","25252500000000","CORBS"
877,"COOPERATIVA DE MINERACAO DOS GARIMPEIROS DE PONTES E LACERDA - COMPEL","25252500000000","CORBS"
878,"MINERACAO PARAGOMINAS S.A. Filial: MINERACAO PARAGOMINAS S.A.","12094600000000",NULL
879,"COOPERATIVA DE MINERACAO DOS GARIMPEIROS DE PONTES E LACERDA - COMPEL","25252500000000","CORBS"
880,"MINERACAO PARAGOMINAS S.A. Filial: MINERACAO PARAGOMINAS S.A.","12094600000000","CORBN"
881,"MINERACAO PARAGOMINAS S.A. Filial: MINERACAO PARAGOMINAS S.A.","12094600000000","CORBN"
882,"MINERACAO PARAGOMINAS S.A.","12094600000000",NULL
883,"ADRIANO JOSE DE MOURA SOUSA","***693483***",NULL
884,"ITAFOS ARRAIAS MINERACAO E FERTILIZANTES S.A.","5919580000000",NULL
885,"CIMENTO TUPI S.A. EM RECUPERACAO JUDICIAL","33039200000000","CORBS"
886,"CSN MINERACAO S.A.","8902290000000","CORBL"
887,"COOPERATIVA DE MINERACAO DOS GARIMPEIROS DE PONTES E LACERDA - COMPEL","25252500000000","CORBS"
888,"MINERACAO ABDALA LTDA","8838090000000",NULL
889,"MINERACAO ABDALA LTDA","8838090000000",NULL
890,"YARA BRASIL FERTILIZANTES S/A Filial: YARA BRASIL FERTILIZANTES S/A","92660600000000",NULL
891,"SAMACA FERROS LTDA","16682200000000",NULL
892,"SAMACA FERROS LTDA","16682200000000","CORBN"
893,"Extrativa Metalurgia S A","3761820000000",NULL
894,"SAMACA FERROS LTDA","16682200000000",NULL
895,"SAMACA FERROS LTDA","16682200000000",NULL
896,"COOPERATIVA DOS GARIMPEIROS DE SANTA CRUZ - COOPERSANTA","34726500000000","CORBN"
897,"MORRO AGUDO MINERAIS LTDA","47024000000000",NULL
898,"MORRO AGUDO MINERAIS LTDA","47024000000000",NULL
899,"MORRO AGUDO MINERAIS LTDA","47024000000000",NULL
900,"CARBONIFERA SIDEROPOLIS LTDA","83852100000000",NULL
901,"T B K - MINERACAO LIMITADA","7707450000000","CORBS"
902,"BURITIRAMA MINERACAO S.A. FALIDO","27121700000000",NULL
903,"BURITIRAMA MINERACAO S.A. FALIDO","27121700000000",NULL
904,"BURITIRAMA MINERACAO S.A. FALIDO","27121700000000","CORBN"
905,"MINERACAO MORRO DO IPE S.A.","22902600000000",NULL
906,"MINERACAO MORRO DO IPE S.A.","22902600000000",NULL
907,"MINERACAO MORRO DO IPE S.A.","22902600000000",NULL
908,"COMPANHIA BRASILEIRA DO COBRE","87678200000000",NULL
909,"Geominas Minerações Ltda.","11979700000000","CORBN"
910,"FREDERICO AUGUSTO ROSA DO CARMO","***026516***","CORBCM"
911,"PATOS DE MINAS FOSFATADOS LTDA","58438900000000",NULL
912,"PATOS DE MINAS FOSFATADOS LTDA","58438900000000",NULL
913,"PATOS DE MINAS FOSFATADOS LTDA","58438900000000","CORBO"
914,"GREEN METALS NOVA ERA SOLUCOES AMBIENTAIS S.A","16530200000000","CORBL"
915,"BRAZAURO RECURSOS MINERAIS S.A.","5943920000000","CORBCM"
916,"INDUSTRIAS NUCLEARES DO BRASIL S.A - INB","322818000000","CORBN"
917,"HUMBERTO AFFONSO DEL NERY","***621636***","CORBS"
